symbol,min_price,max_price,avg_price,exchange_count,exchanges,spread_abs,spread_pct
BEAM/USDT,0.001709,0.02044,0.007954999999999999,3,"['Bybit', 'Gate', 'Bitget']",0.018731,235.46
VELO/USD,0.003662,0.01485,0.007405033333333334,3,"['Coinbase', 'Kraken', 'Crypto.com']",0.011188,151.09
SUP/USD,0.00405,0.01491,0.009479999999999999,2,"['Coinbase', 'Kraken']",0.01086,114.56
RAVE/USDT,0.58067,0.7927,0.6523333333333333,3,"['Kraken', 'Gate', 'Bitget']",0.21202999999999994,32.5
IAG/USDT,0.02272,0.0296,0.026160000000000003,2,"['Gate', 'Bitget']",0.006880000000000001,26.3
VANRY/USDT,0.00401,0.005096,0.004812,4,"['Binance', 'Bybit', 'Gate', 'Bitget']",0.0010860000000000002,22.57
BTR/USDT,0.02639,0.02776,0.027075000000000002,2,"['Gate', 'Bitget']",0.0013699999999999997,5.06
YFI/USD,2461.19,2575.64,2506.2433333333333,3,"['Coinbase', 'Gemini', 'Crypto.com']",114.44999999999982,4.57
RLS/USD,0.0047174,0.00489,0.004782466666666666,3,"['Coinbase', 'Bitfinex', 'Kraken']",0.00017260000000000018,3.61
ACS/USD,0.000167,0.000173,0.00017,2,"['Coinbase', 'Crypto.com']",6.00000000000001e-06,3.53
SUI/USD,1.0529,1.0815,1.0574585714285714,7,"['OKX', 'Coinbase', 'Bitfinex', 'Kraken', 'Gemini', 'Bitstamp', 'Crypto.com']",0.02859999999999996,2.7
BDXN/USDT,0.002149,0.0022,0.00218,3,"['Bybit', 'Gate', 'Bitget']",5.1000000000000264e-05,2.34
SWELL/USD,0.0017,0.00174,0.00172,2,"['Coinbase', 'Kraken']",4.0000000000000105e-05,2.33
HYPE/USD,47.63,48.6871,47.85602,5,"['OKX', 'Coinbase', 'Kraken', 'Gemini', 'Bitstamp']",1.0570999999999984,2.21
PHA/USD,0.03294,0.03361,0.033275,2,"['OKX', 'Kraken']",0.0006700000000000039,2.01
ONE/USDT,0.002001,0.00204,0.0020123333333333334,6,"['Binance', 'OKX', 'Bybit', 'Gate', 'Bitget', 'Crypto.com']",3.899999999999997e-05,1.94
ALGO/USD,0.10957,0.11153,0.11017,4,"['OKX', 'Coinbase', 'Kraken', 'Bitstamp']",0.0019600000000000034,1.78
SWELL/USDT,0.001726,0.001756,0.0017383333333333333,3,"['Bybit', 'Gate', 'Bitget']",2.9999999999999862e-05,1.73
TIA/USD,0.39,0.3968,0.3928275,4,"['OKX', 'Coinbase', 'Kraken', 'Crypto.com']",0.006799999999999973,1.73
VINE/USD,0.01681,0.01709,0.01695,2,"['OKX', 'Kraken']",0.00028000000000000247,1.65
TIA/USDT,0.3903,0.3965,0.39153333333333334,6,"['Binance', 'OKX', 'Bybit', 'Gate', 'Bitget', 'Crypto.com']",0.006200000000000039,1.58
JUP/USD,0.19396,0.197,0.194886,5,"['Bitfinex', 'Kraken', 'Gemini', 'Bitstamp', 'Crypto.com']",0.003040000000000015,1.56
STORJ/USD,0.1171,0.11893,0.11812666666666666,3,"['Coinbase', 'Kraken', 'Crypto.com']",0.0018299999999999983,1.55
POL/USD,0.088715,0.09009,0.08904250000000001,6,"['OKX', 'Coinbase', 'Bitfinex', 'Kraken', 'Gemini', 'Bitstamp']",0.0013750000000000012,1.54
LDO/USD,0.351,0.3562,0.35225999999999996,5,"['Coinbase', 'Kraken', 'Gemini', 'Bitstamp', 'Crypto.com']",0.005200000000000038,1.48
BERA/USDT,0.3774,0.383,0.3793,6,"['Binance', 'OKX', 'Bybit', 'Kraken', 'Gate', 'Bitget']",0.005599999999999994,1.48
FORTH/USD,0.23,0.2334,0.23126666666666665,3,"['Coinbase', 'Kraken', 'Crypto.com']",0.0033999999999999864,1.47
FARM/USD,6.75,6.85,6.8,2,"['Coinbase', 'Kraken']",0.09999999999999964,1.47
OSMO/USD,0.06444,0.06538,0.06477333333333334,3,"['Coinbase', 'Kraken', 'Crypto.com']",0.0009399999999999964,1.45
SSV/USDT,2.509,2.545,2.5206,5,"['Binance', 'OKX', 'Bybit', 'Gate', 'Bitget']",0.03600000000000003,1.43
KTA/USD,0.1333,0.1352,0.13424999999999998,2,"['Coinbase', 'Kraken']",0.001899999999999985,1.42
OXT/USD,0.00976,0.0099,0.00983,2,"['Coinbase', 'Kraken']",0.00014000000000000123,1.42
LCX/USD,0.03374,0.0342,0.03397,2,"['Coinbase', 'Kraken']",0.0004600000000000021,1.35
PUMP/USD,0.00166869,0.001691,0.0016754225,4,"['OKX', 'Coinbase', 'Kraken', 'Gemini']",2.2309999999999995e-05,1.33
VIRTUAL/USD,0.7032,0.7126,0.707175,4,"['OKX', 'Coinbase', 'Kraken', 'Bitstamp']",0.009399999999999964,1.33
G/USDT,0.003459,0.003505,0.0034763999999999997,5,"['Binance', 'OKX', 'Bybit', 'Gate', 'Bitget']",4.6000000000000034e-05,1.32
FIGHT/USD,0.0045,0.00456,0.004529999999999999,2,"['Coinbase', 'Kraken']",6.000000000000016e-05,1.32
CHZ/USD,0.047151,0.04776,0.04728516666666666,6,"['OKX', 'Coinbase', 'Bitfinex', 'Kraken', 'Gemini', 'Bitstamp']",0.0006089999999999984,1.29
SYND/USD,0.0154,0.0156,0.0155,2,"['Coinbase', 'Kraken']",0.0001999999999999988,1.29
STRK/USD,0.03996,0.040469,0.040143000000000005,3,"['Coinbase', 'Kraken', 'Crypto.com']",0.0005089999999999956,1.27
BABYSHARK/USDT,0.0205,0.020759,0.020629500000000002,2,"['Gate', 'Bitget']",0.0002589999999999988,1.26
STX/USD,0.2312,0.23411,0.23254200000000003,5,"['OKX', 'Coinbase', 'Bitfinex', 'Kraken', 'Crypto.com']",0.0029100000000000237,1.25
CTC/USDT,0.1382,0.13993,0.1386575,4,"['OKX', 'Bybit', 'Gate', 'Bitget']",0.0017300000000000093,1.25
TURBO/USD,0.00111,0.0011238,0.0011166,3,"['Coinbase', 'Kraken', 'Crypto.com']",1.380000000000001e-05,1.24
RPL/USDT,1.696,1.717,1.7071999999999998,5,"['Binance', 'OKX', 'Bybit', 'Gate', 'Bitget']",0.02100000000000013,1.23
MOODENG/USD,0.04937,0.04998,0.04958333333333333,3,"['Coinbase', 'Kraken', 'Bitstamp']",0.0006099999999999994,1.23
GOAT/USD,0.01779,0.01801,0.0179,2,"['OKX', 'Kraken']",0.00022000000000000144,1.23
YGG/USD,0.035864,0.0363,0.036082,2,"['Kraken', 'Crypto.com']",0.0004359999999999989,1.21
MET/USDT,0.1416,0.1433,0.14198,5,"['Binance', 'OKX', 'Bybit', 'Gate', 'Bitget']",0.001700000000000007,1.2
WAXL/USD,0.0592,0.0599,0.059550000000000006,2,"['Coinbase', 'Kraken']",0.0006999999999999992,1.18
SNX/USD,0.304,0.3076,0.30579999999999996,2,"['Coinbase', 'Kraken']",0.003599999999999992,1.18
SPK/USD,0.02797,0.0283,0.028135,2,"['OKX', 'Coinbase']",0.00033000000000000043,1.17
MOG/USDT,1.394e-07,1.4103e-07,1.4047666666666665e-07,3,"['Bybit', 'Gate', 'Bitget']",1.6300000000000219e-09,1.16
ENS/USDT,6.135,6.206,6.1545,6,"['Binance', 'OKX', 'Bybit', 'Gate', 'Bitget', 'Crypto.com']",0.07100000000000062,1.15
ENJ/USD,0.0499,0.05047,0.050185,2,"['OKX', 'Kraken']",0.0005700000000000011,1.14
POND/USD,0.001426,0.001442,0.001434,2,"['Kraken', 'Crypto.com']",1.5999999999999955e-05,1.12
ESP/USD,0.06411,0.06483,0.06447,2,"['Coinbase', 'Kraken']",0.0007199999999999984,1.12
VIRTUAL/USDT,0.7015,0.7092,0.7030166666666666,6,"['Binance', 'OKX', 'Bybit', 'Kraken', 'Gate', 'Bitget']",0.00770000000000004,1.1
GTC/USD,0.101,0.102119,0.10163966666666667,3,"['Coinbase', 'Kraken', 'Crypto.com']",0.001118999999999995,1.1
MAJOR/USDT,0.05953,0.06019,0.05996666666666667,3,"['OKX', 'Bybit', 'Gate']",0.0006600000000000009,1.1
SKY/USD,0.06835,0.0691,0.06855525,4,"['OKX', 'Coinbase', 'Bitfinex', 'Kraken']",0.0007500000000000007,1.09
RAD/USD,0.2997,0.303,0.30150000000000005,3,"['Coinbase', 'Kraken', 'Crypto.com']",0.0032999999999999696,1.09
ARB/USD,0.1143,0.11553,0.114706,5,"['Coinbase', 'Bitfinex', 'Kraken', 'Bitstamp', 'Crypto.com']",0.001229999999999995,1.07
PUFFER/USDT,0.02503,0.0253,0.02519666666666667,3,"['Bybit', 'Gate', 'Bitget']",0.0002699999999999994,1.07
YB/USDT,0.1029,0.104,0.10337,5,"['Binance', 'OKX', 'Bybit', 'Gate', 'Bitget']",0.0010999999999999899,1.06
DGB/USDT,0.003564,0.003602,0.003578666666666666,3,"['Binance', 'OKX', 'Gate']",3.800000000000027e-05,1.06
DOGS/USDT,5.418e-05,5.475e-05,5.4316e-05,5,"['Binance', 'OKX', 'Bybit', 'Gate', 'Bitget']",5.70000000000003e-07,1.05
LPT/USD,2.01,2.031,2.0205,2,"['Coinbase', 'Kraken']",0.02100000000000035,1.04
NYM/USDT,0.02111,0.02133,0.021213333333333334,3,"['Bybit', 'Gate', 'Bitget']",0.00021999999999999797,1.04
DEEP/USD,0.03254,0.03288,0.03271,2,"['Coinbase', 'Kraken']",0.00034,1.04
AXL/USDT,0.05928,0.0599,0.0595425,4,"['Binance', 'Bybit', 'Bitget', 'Crypto.com']",0.0006200000000000025,1.04
ARKM/USD,0.1169,0.1181,0.1175,2,"['Kraken', 'Crypto.com']",0.0011999999999999927,1.02
PRO/USD,0.3271,0.3304,0.32875,2,"['Coinbase', 'Kraken']",0.003300000000000025,1.0
MON/USD,0.02607,0.026331,0.026156400000000003,5,"['OKX', 'Coinbase', 'Kraken', 'Gemini', 'Bitstamp']",0.0002610000000000008,1.0
FIS/USD,0.01753,0.0177,0.017615,2,"['Coinbase', 'Kraken']",0.00017,0.97
ZRO/USD,1.316,1.3287,1.319775,4,"['Coinbase', 'Bitfinex', 'Kraken', 'Crypto.com']",0.012699999999999934,0.96
PENDLE/USD,1.78,1.797,1.78675,4,"['OKX', 'Coinbase', 'Kraken', 'Crypto.com']",0.016999999999999904,0.95
UMA/USDT,0.4502,0.4545,0.4519,5,"['Binance', 'OKX', 'Bybit', 'Gate', 'Bitget']",0.004300000000000026,0.95
CELR/USD,0.002506,0.00253,0.00252,3,"['Coinbase', 'Kraken', 'Crypto.com']",2.400000000000015e-05,0.95
TRAC/USD,0.3686,0.3721,0.3711125,4,"['Coinbase', 'Kraken', 'Bitstamp', 'Crypto.com']",0.003500000000000003,0.94
GMT/USD,0.0103,0.010397,0.010355666666666668,3,"['Coinbase', 'Kraken', 'Crypto.com']",9.699999999999986e-05,0.94
WARD/USDT,0.017534,0.0177,0.017617,2,"['Gate', 'Bitget']",0.00016599999999999948,0.94
FLOKI/USDT,2.978e-05,3.006e-05,2.983666666666667e-05,6,"['Binance', 'OKX', 'Bybit', 'Gate', 'Bitget', 'Crypto.com']",2.800000000000007e-07,0.94
CELO/USD,0.0797,0.080449,0.08007449999999999,2,"['Bitfinex', 'Kraken']",0.0007490000000000135,0.94
APE/USD,0.1392,0.1405,0.139825,4,"['Coinbase', 'Kraken', 'Gemini', 'Crypto.com']",0.0013000000000000234,0.93
IOTX/USDT,0.00432,0.00436,0.004340333333333334,3,"['Binance', 'Gate', 'Bitget']",4.0000000000000105e-05,0.92
GHST/USD,0.0653,0.0659,0.06559999999999999,2,"['Kraken', 'Crypto.com']",0.0006000000000000033,0.91
ACT/USDT,0.01318,0.0133,0.0132425,4,"['Binance', 'OKX', 'Gate', 'Bitget']",0.00011999999999999858,0.91
REZ/USD,0.005,0.005045,0.0050225,2,"['Coinbase', 'Kraken']",4.49999999999999e-05,0.9
BICO/USDT,0.02337,0.02358,0.0234725,4,"['OKX', 'Bybit', 'Gate', 'Bitget']",0.00021000000000000185,0.89
XYO/USD,0.0037,0.003733,0.0037151333333333334,3,"['Coinbase', 'Kraken', 'Crypto.com']",3.300000000000004e-05,0.89
DASH/USD,41.717,42.09,41.955666666666666,3,"['OKX', 'Coinbase', 'Kraken']",0.37300000000000466,0.89
TRUMP/USD,2.021,2.039,2.0286999999999997,4,"['OKX', 'Coinbase', 'Kraken', 'Bitstamp']",0.018000000000000238,0.89
POPCAT/USD,0.0556,0.0561,0.055874999999999994,4,"['Coinbase', 'Kraken', 'Gemini', 'Bitstamp']",0.0005000000000000004,0.89
SD/USDT,0.1474,0.1487,0.147925,4,"['OKX', 'Bybit', 'Gate', 'Bitget']",0.0012999999999999956,0.88
OL/USDT,0.008403,0.008477,0.008447999999999999,3,"['OKX', 'Bybit', 'Gate']",7.399999999999941e-05,0.88
LQTY/USD,0.2622,0.2645,0.26316666666666666,3,"['Coinbase', 'Kraken', 'Crypto.com']",0.0023000000000000242,0.87
ZRX/USD,0.104769,0.10567,0.1052195,2,"['Coinbase', 'Crypto.com']",0.000900999999999999,0.86
ATH/USD,0.00577,0.00582,0.005804,4,"['OKX', 'Coinbase', 'Kraken', 'Crypto.com']",4.99999999999997e-05,0.86
MUBARAK/USDT,0.013643,0.01376,0.013720999999999999,3,"['Binance', 'Gate', 'Bitget']",0.00011699999999999905,0.85
FIL/USD,0.937,0.945,0.939538,5,"['OKX', 'Coinbase', 'Bitfinex', 'Kraken', 'Gemini']",0.007999999999999896,0.85
INX/USD,0.009847,0.00993,0.0098885,2,"['Coinbase', 'Kraken']",8.299999999999974e-05,0.84
ENA/USD,0.1026,0.10346,0.1029825,4,"['Coinbase', 'Bitfinex', 'Kraken', 'Bitstamp']",0.0008599999999999997,0.84
SPACE/USD,0.008393,0.008463,0.008428,2,"['OKX', 'Kraken']",7.000000000000062e-05,0.83
STABLE/USD,0.03507,0.035362,0.035216,2,"['Bitfinex', 'Kraken']",0.0002920000000000006,0.83
ENA/USDT,0.1027,0.10355,0.10293333333333334,6,"['Binance', 'OKX', 'Bybit', 'Gate', 'Bitget', 'Crypto.com']",0.0008500000000000035,0.83
SUPER/USDT,0.109,0.1099,0.10958,3,"['Binance', 'Gate', 'Bitget']",0.000899999999999998,0.82
AXL/USD,0.05931,0.0598,0.059555,2,"['Coinbase', 'Crypto.com']",0.0004899999999999974,0.82
ACH/USD,0.006899,0.006956,0.006928333333333334,3,"['Coinbase', 'Kraken', 'Crypto.com']",5.7000000000000627e-05,0.82
ATOM/USDT,2.019,2.0356,2.0247,8,"['Binance', 'OKX', 'Bybit', 'Coinbase', 'Kraken', 'Gate', 'Bitget', 'Crypto.com']",0.016599999999999948,0.82
MANA/USDT,0.088,0.08872,0.08826333333333332,6,"['Binance', 'OKX', 'Bybit', 'Kraken', 'Gate', 'Bitget']",0.0007199999999999984,0.82
SHIB/USD,5.69e-06,5.736e-06,5.701571428571429e-06,7,"['OKX', 'Coinbase', 'Bitfinex', 'Kraken', 'Gemini', 'Bitstamp', 'Crypto.com']",4.600000000000007e-08,0.81
ME/USDT,0.09304,0.0938,0.09354199999999999,5,"['Binance', 'OKX', 'Bybit', 'Gate', 'Bitget']",0.0007599999999999968,0.81
ANKR/USD,0.00453,0.004567,0.004545666666666667,3,"['Coinbase', 'Kraken', 'Crypto.com']",3.699999999999971e-05,0.81
XTZ/USD,0.3341,0.3368,0.33515,4,"['Coinbase', 'Kraken', 'Gemini', 'Crypto.com']",0.00269999999999998,0.81
MAGIC/USDT,0.06262,0.06313,0.062855,4,"['Binance', 'OKX', 'Bybit', 'Gate']",0.0005100000000000104,0.81
KAVA/USDT,0.05724,0.0577,0.0574575,4,"['Binance', 'Bybit', 'Gate', 'Bitget']",0.0004600000000000021,0.8
NMR/USDT,9.229,9.302,9.2468,5,"['Binance', 'OKX', 'Gate', 'Bitget', 'Crypto.com']",0.0730000000000004,0.79
ETHFI/USD,0.3691,0.372,0.37055,2,"['Coinbase', 'Kraken']",0.0029000000000000137,0.78
ZRX/USDT,0.10448,0.1053,0.104908,5,"['Binance', 'OKX', 'Bybit', 'Gate', 'Bitget']",0.0008200000000000013,0.78
MOG/USD,1.4e-07,1.4109e-07,1.4066333333333334e-07,3,"['Coinbase', 'Kraken', 'Crypto.com']",1.0899999999999919e-09,0.77
SUSHI/USD,0.2067,0.2083,0.20736666666666667,3,"['Coinbase', 'Kraken', 'Gemini']",0.001600000000000018,0.77
AXS/USD,1.16,1.169,1.1633333333333333,3,"['Coinbase', 'Kraken', 'Crypto.com']",0.009000000000000119,0.77
SUKU/USD,0.0079,0.00796,0.00793,2,"['Coinbase', 'Kraken']",5.999999999999929e-05,0.76
GLM/USDT,0.1306,0.1316,0.131,4,"['Binance', 'OKX', 'Gate', 'Bitget']",0.0010000000000000009,0.76
PYTH/USD,0.03874,0.039036,0.03886266666666666,6,"['OKX', 'Coinbase', 'Kraken', 'Gemini', 'Bitstamp', 'Crypto.com']",0.0002960000000000046,0.76
EIGEN/USD,0.1846,0.186,0.1853,2,"['Coinbase', 'Kraken']",0.0014000000000000123,0.76
ME/USD,0.0931,0.0938,0.09345,2,"['Coinbase', 'Kraken']",0.0006999999999999923,0.75
ZORA/USD,0.01062,0.0107,0.010664,3,"['Coinbase', 'Kraken', 'Bitstamp']",8.000000000000021e-05,0.75
ONG/USDT,0.06725,0.06775,0.0675,2,"['Binance', 'Gate']",0.0005000000000000004,0.74
ADA/USDT,0.2472,0.24904,0.24750571428571427,7,"['Binance', 'OKX', 'Bybit', 'Coinbase', 'Kraken', 'Gate', 'Bitget']",0.0018400000000000083,0.74
T/USDT,0.00532,0.005359,0.005340333333333333,3,"['Binance', 'OKX', 'Gate']",3.899999999999997e-05,0.73
S/USDT,0.04388,0.0442,0.043964,5,"['Binance', 'OKX', 'Bybit', 'Gate', 'Bitget']",0.00032000000000000084,0.73
BLUR/USD,0.0219,0.02206,0.02198,2,"['Coinbase', 'Kraken']",0.00016000000000000042,0.73
XLM/USDT,0.1439,0.14494,0.1442585714285714,7,"['Binance', 'OKX', 'Bybit', 'Coinbase', 'Gate', 'Bitget', 'Crypto.com']",0.0010400000000000131,0.72
BNT/USD,0.3302,0.3326,0.33140000000000003,2,"['Coinbase', 'Kraken']",0.0024000000000000132,0.72
CELR/USDT,0.002504,0.002522,0.0025125,4,"['Binance', 'OKX', 'Gate', 'Bitget']",1.7999999999999787e-05,0.72
XTZ/USDT,0.334,0.3364,0.33491428571428566,7,"['Binance', 'OKX', 'Bybit', 'Kraken', 'Gate', 'Bitget', 'Crypto.com']",0.0023999999999999577,0.72
AR/USDT,2.08,2.095,2.09044,5,"['Binance', 'OKX', 'Bybit', 'Gate', 'Bitget']",0.015000000000000124,0.72
AIXBT/USD,0.03073,0.03095,0.03084,2,"['OKX', 'Kraken']",0.00021999999999999797,0.71
RPL/USD,1.7,1.712,1.706,2,"['Coinbase', 'Kraken']",0.01200000000000001,0.7
ID/USDT,0.0285,0.0287,0.028582000000000003,5,"['Binance', 'OKX', 'Bybit', 'Gate', 'Bitget']",0.0001999999999999988,0.7
ANKR/USDT,0.00454,0.004572,0.00455175,4,"['Binance', 'Bybit', 'Gate', 'Bitget']",3.199999999999991e-05,0.7
BEAM/USD,0.001702,0.001714,0.0017079999999999999,2,"['Coinbase', 'Kraken']",1.2000000000000075e-05,0.7
OGN/USDT,0.0215,0.02165,0.021589999999999998,3,"['Binance', 'Gate', 'Bitget']",0.00015000000000000083,0.69
CHR/USD,0.0218,0.02195,0.021875,2,"['Kraken', 'Crypto.com']",0.00015000000000000083,0.69
YFI/USDT,2453.0,2470.0,2465.8,5,"['Binance', 'OKX', 'Bybit', 'Gate', 'Bitget']",17.0,0.69
RESOLV/USDT,0.0288,0.029,0.028900000000000002,5,"['Binance', 'OKX', 'Bybit', 'Gate', 'Bitget']",0.00020000000000000226,0.69
FET/USDT,0.189,0.1903,0.18995714285714288,7,"['Binance', 'OKX', 'Bybit', 'Coinbase', 'Gate', 'Bitget', 'Crypto.com']",0.0012999999999999956,0.68
ARKM/USDT,0.1165,0.1173,0.117112,5,"['Binance', 'OKX', 'Bybit', 'Gate', 'Bitget']",0.0007999999999999952,0.68
AWE/USDT,0.0511,0.05145,0.051275,2,"['Binance', 'Bitget']",0.0003500000000000031,0.68
APT/USD,0.9282,0.9345,0.9311525,4,"['OKX', 'Coinbase', 'Bitfinex', 'Kraken']",0.006299999999999972,0.68
CFG/USDT,0.2745,0.27635,0.275025,4,"['Binance', 'OKX', 'Bybit', 'Gate']",0.0018499999999999628,0.67
KITE/USD,0.22945,0.231,0.230225,2,"['OKX', 'Coinbase']",0.0015500000000000236,0.67
ROSE/USDT,0.00948,0.009544,0.009506,4,"['Binance', 'Bybit', 'Gate', 'Bitget']",6.399999999999982e-05,0.67
ARPA/USDT,0.01183,0.01191,0.011877,3,"['Binance', 'Gate', 'Bitget']",8.000000000000021e-05,0.67
ZENT/USDT,0.002995,0.003015,0.0030033333333333335,3,"['OKX', 'Bybit', 'Bitget']",2.0000000000000052e-05,0.67
VELODROME/USDT,0.01485,0.01495,0.014891,4,"['Binance', 'OKX', 'Gate', 'Bitget']",9.99999999999994e-05,0.67
SEI/USD,0.0599,0.060301,0.0600522,5,"['Coinbase', 'Bitfinex', 'Kraken', 'Bitstamp', 'Crypto.com']",0.0004009999999999986,0.67
CARV/USDT,0.05414,0.0545,0.05437666666666666,3,"['Bybit', 'Gate', 'Bitget']",0.0003599999999999992,0.66
PROS/USD,0.6089,0.6129,0.6105999999999999,3,"['OKX', 'Coinbase', 'Kraken']",0.0040000000000000036,0.66
TNSR/USD,0.037591,0.03784,0.03771033333333333,3,"['Coinbase', 'Kraken', 'Crypto.com']",0.0002489999999999992,0.66
ALCX/USD,5.017,5.05,5.035666666666667,3,"['Coinbase', 'Kraken', 'Crypto.com']",0.032999999999999474,0.66
QNT/USDT,73.72,74.2,73.888,5,"['Binance', 'Bybit', 'Coinbase', 'Gate', 'Bitget']",0.480000000000004,0.65
ANIME/USDT,0.004279,0.004307,0.0042864,5,"['Binance', 'OKX', 'Bybit', 'Gate', 'Bitget']",2.8000000000000247e-05,0.65
REZ/USDT,0.005,0.005031,0.005010333333333333,3,"['Binance', 'Gate', 'Bitget']",3.099999999999978e-05,0.62
NODE/USDT,0.01132,0.01139,0.011355,2,"['Gate', 'Bitget']",7.000000000000062e-05,0.62
ZIL/USDT,0.003873,0.003897,0.0038837999999999998,5,"['Binance', 'OKX', 'Bybit', 'Gate', 'Bitget']",2.3999999999999716e-05,0.62
ALICE/USD,0.129,0.1298,0.12940000000000002,2,"['Coinbase', 'Kraken']",0.0007999999999999952,0.62
SLP/USDT,0.0006421,0.000646,0.0006442,4,"['Binance', 'OKX', 'Gate', 'Bitget']",3.899999999999932e-06,0.61
BANANA/USDT,3.77,3.793,3.782,4,"['Binance', 'OKX', 'Gate', 'Bitget']",0.02300000000000013,0.61
SATS/USDT,1.312e-08,1.32e-08,1.31525e-08,4,"['OKX', 'Bybit', 'Gate', 'Bitget']",8.000000000000138e-11,0.61
LRC/USD,0.0163,0.0164,0.01635,2,"['Coinbase', 'Crypto.com']",0.00010000000000000286,0.61
ENJ/USDT,0.05019,0.050499,0.05032316666666667,6,"['Binance', 'OKX', 'Bybit', 'Gate', 'Bitget', 'Crypto.com']",0.0003090000000000037,0.61
GOAT/USDT,0.01788,0.01799,0.017925,4,"['OKX', 'Bybit', 'Gate', 'Bitget']",0.00010999999999999899,0.61
FORT/USDT,0.01626,0.01636,0.016309999999999998,2,"['Bybit', 'Gate']",9.99999999999994e-05,0.61
SAHARA/USD,0.03635,0.03657,0.03646,2,"['OKX', 'Kraken']",0.00021999999999999797,0.6
LSK/USDT,0.117,0.1177,0.11726666666666667,3,"['Binance', 'OKX', 'Gate']",0.0006999999999999923,0.6
LIT/USDT,0.946,0.9517,0.949975,4,"['OKX', 'Bybit', 'Gate', 'Bitget']",0.005700000000000038,0.6
OPN/USD,0.1687,0.1697,0.1692,2,"['Coinbase', 'Kraken']",0.0010000000000000009,0.59
IDEX/USD,0.0017,0.00171,0.001705,2,"['Coinbase', 'Kraken']",1.0000000000000026e-05,0.59
EIGEN/USDT,0.1851,0.1862,0.18586,5,"['Binance', 'OKX', 'Bybit', 'Gate', 'Bitget']",0.0011000000000000176,0.59
KAT/USDT,0.008075,0.008123,0.00808975,4,"['Binance', 'OKX', 'Gate', 'Bitget']",4.799999999999943e-05,0.59
FET/USD,0.1888,0.1899,0.189622,5,"['Coinbase', 'Kraken', 'Gemini', 'Bitstamp', 'Crypto.com']",0.0011000000000000176,0.58
VELVET/USDT,0.10703,0.10765,0.10733999999999999,2,"['Gate', 'Bitget']",0.0006199999999999956,0.58
PENGU/USDT,0.008436,0.008485,0.008474500000000001,6,"['Binance', 'OKX', 'Bybit', 'Kraken', 'Gate', 'Bitget']",4.89999999999987e-05,0.58
PARTI/USD,0.05508,0.0554,0.05524,2,"['OKX', 'Kraken']",0.00032000000000000084,0.58
STORJ/USDT,0.117,0.11767,0.11721,4,"['Binance', 'OKX', 'Gate', 'Bitget']",0.00066999999999999,0.57
MEGA/USD,0.08263,0.0831,0.08283,3,"['OKX', 'Coinbase', 'Kraken']",0.0004699999999999982,0.57
SAND/USDT,0.0699,0.0703,0.070148,5,"['Binance', 'OKX', 'Bybit', 'Gate', 'Bitget']",0.0003999999999999976,0.57
CKB/USDT,0.001415,0.001423,0.0014186666666666668,3,"['Binance', 'Gate', 'Bitget']",7.999999999999978e-06,0.56
OGN/USD,0.02155,0.02167,0.021609999999999997,2,"['Coinbase', 'Kraken']",0.00011999999999999858,0.56
SUPER/USD,0.1095,0.1101,0.10974,3,"['Coinbase', 'Kraken', 'Crypto.com']",0.0006000000000000033,0.55
XTER/USDT,0.0163,0.01639,0.016356666666666665,3,"['Bybit', 'Gate', 'Bitget']",8.99999999999998e-05,0.55
PEPE/USD,3.636e-06,3.656e-06,3.6461428571428572e-06,7,"['OKX', 'Coinbase', 'Bitfinex', 'Kraken', 'Gemini', 'Bitstamp', 'Crypto.com']",1.999999999999981e-08,0.55
MOVE/USDT,0.01621,0.0163,0.016244,5,"['Binance', 'OKX', 'Bybit', 'Gate', 'Bitget']",8.99999999999998e-05,0.55
GUN/USD,0.01289,0.012961,0.0129255,2,"['Bitfinex', 'Kraken']",7.099999999999988e-05,0.55
PENGU/USD,0.0084297,0.008476,0.008457925,4,"['Coinbase', 'Kraken', 'Gemini', 'Bitstamp']",4.629999999999912e-05,0.55
CHR/USDT,0.02178,0.0219,0.021826666666666664,3,"['Binance', 'Gate', 'Bitget']",0.00011999999999999858,0.55
HBAR/USDT,0.08874,0.08922,0.08885,6,"['Binance', 'OKX', 'Bybit', 'Coinbase', 'Gate', 'Bitget']",0.0004799999999999943,0.54
LDO/USDT,0.3509,0.3528,0.3516666666666666,6,"['Binance', 'OKX', 'Bybit', 'Gate', 'Bitget', 'Crypto.com']",0.0019000000000000128,0.54
BREV/USDT,0.1101,0.1107,0.11034,5,"['Binance', 'OKX', 'Bybit', 'Gate', 'Bitget']",0.0006000000000000033,0.54
MEW/USDT,0.000548,0.0005509,0.0005499249999999999,4,"['OKX', 'Bybit', 'Gate', 'Bitget']",2.9000000000000163e-06,0.53
CFG/USD,0.2743,0.27576,0.27502,3,"['OKX', 'Coinbase', 'Kraken']",0.0014600000000000168,0.53
USELESS/USD,0.0572,0.0575,0.05735,2,"['Coinbase', 'Kraken']",0.00030000000000000165,0.52
AAVE/USD,87.49,87.95,87.77871428571429,7,"['OKX', 'Coinbase', 'Bitfinex', 'Kraken', 'Gemini', 'Bitstamp', 'Crypto.com']",0.46000000000000796,0.52
CITY/USDT,0.515,0.5177,0.516475,4,"['Binance', 'OKX', 'Bybit', 'Gate']",0.0027000000000000357,0.52
GALA/USDT,0.00332,0.003337,0.0033276666666666667,6,"['Binance', 'OKX', 'Bybit', 'Gate', 'Bitget', 'Crypto.com']",1.7000000000000088e-05,0.51
PORTAL/USDT,0.008596,0.00864,0.008623,4,"['Binance', 'Bybit', 'Gate', 'Bitget']",4.4000000000000636e-05,0.51
PARTI/USDT,0.05522,0.0555,0.055338,5,"['Binance', 'OKX', 'Bybit', 'Gate', 'Bitget']",0.00028000000000000247,0.51
STEEM/USDT,0.05434,0.05462,0.05448,2,"['Binance', 'Gate']",0.00028000000000000247,0.51
SHIB/USDT,5.692e-06,5.721e-06,5.700571428571429e-06,7,"['Binance', 'OKX', 'Bybit', 'Kraken', 'Gate', 'Bitget', 'Crypto.com']",2.900000000000006e-08,0.51
OMI/USDT,0.0001374,0.0001381,0.00013775000000000001,2,"['OKX', 'Gate']",6.999999999999899e-07,0.51
TOKEN/USDT,0.003107,0.003123,0.0031149999999999997,2,"['Bybit', 'Gate']",1.5999999999999955e-05,0.51
EGLD/USD,3.89,3.91,3.9000000000000004,2,"['Kraken', 'Crypto.com']",0.020000000000000018,0.51
SCA/USDT,0.0199,0.02,0.019950000000000002,2,"['Bybit', 'Gate']",9.99999999999994e-05,0.5
HIGH/USDT,0.1811,0.182,0.18155,2,"['Binance', 'Gate']",0.0008999999999999841,0.5
PENDLE/USDT,1.778,1.787,1.784,6,"['Binance', 'OKX', 'Bybit', 'Gate', 'Bitget', 'Crypto.com']",0.008999999999999897,0.5
GLMR/USDT,0.014,0.01407,0.014046666666666666,3,"['Binance', 'Bybit', 'Gate']",6.999999999999888e-05,0.5
BERA/USD,0.378,0.3799,0.37895,2,"['Coinbase', 'Kraken']",0.0019000000000000128,0.5
BIGTIME/USDT,0.01188,0.01194,0.0119125,4,"['Binance', 'OKX', 'Gate', 'Bitget']",5.999999999999929e-05,0.5
MYX/USDT,0.1788,0.1797,0.17925,2,"['Gate', 'Bitget']",0.0009000000000000119,0.5
BNB/USDT,637.27,640.45,637.8366666666667,6,"['Binance', 'OKX', 'Bybit', 'Kraken', 'Gate', 'Bitget']",3.1800000000000637,0.5
OSMO/USDT,0.06448,0.0648,0.06464,2,"['Binance', 'Gate']",0.00032000000000000084,0.5
EDU/USDT,0.0451,0.04532,0.04521,2,"['Binance', 'Gate']",0.00021999999999999797,0.49
SKL/USDT,0.00606,0.00609,0.0060803,5,"['Binance', 'OKX', 'Gate', 'Bitget', 'Crypto.com']",2.9999999999999645e-05,0.49
MOVR/USD,2.2021,2.213,2.2075500000000003,2,"['Kraken', 'Crypto.com']",0.01089999999999991,0.49
ATOM/USD,2.022,2.032,2.0252749999999997,4,"['OKX', 'Coinbase', 'Kraken', 'Gemini']",0.010000000000000231,0.49
FARTCOIN/USDT,0.1819,0.1828,0.18231,3,"['Kraken', 'Gate', 'Bitget']",0.0008999999999999841,0.49
ZEC/USD,551.76,554.5,553.7819999999999,5,"['OKX', 'Coinbase', 'Bitfinex', 'Kraken', 'Gemini']",2.740000000000009,0.49
COMP/USD,22.88,22.99,22.924999999999997,4,"['Coinbase', 'Kraken', 'Gemini', 'Bitstamp']",0.10999999999999943,0.48
WOO/USDT,0.0167,0.01678,0.0167475,4,"['Binance', 'OKX', 'Bybit', 'Gate']",8.000000000000021e-05,0.48
WIF/USDT,0.1891,0.19,0.18932,5,"['Binance', 'OKX', 'Bybit', 'Gate', 'Bitget']",0.0009000000000000119,0.48
ICX/USD,0.0351,0.03527,0.035185,2,"['OKX', 'Kraken']",0.00017000000000000348,0.48
ILV/USD,4.39,4.411,4.400499999999999,2,"['Coinbase', 'Crypto.com']",0.020999999999999908,0.48
IMX/USD,0.1645,0.1653,0.16496,4,"['Coinbase', 'Kraken', 'Gemini', 'Crypto.com']",0.0007999999999999952,0.48
COOKIE/USD,0.01692,0.017,0.016960000000000003,2,"['Coinbase', 'Kraken']",8.000000000000021e-05,0.47
FLUX/USDT,0.0683,0.06862,0.068445,4,"['Binance', 'Gate', 'Bitget', 'Crypto.com']",0.00032000000000000084,0.47
OP/USDT,0.1264,0.127,0.12680833333333333,6,"['Binance', 'OKX', 'Bybit', 'Coinbase', 'Gate', 'Bitget']",0.0005999999999999894,0.47
BAT/USDT,0.0986,0.09906,0.09875333333333332,6,"['Binance', 'OKX', 'Bybit', 'Gate', 'Bitget', 'Crypto.com']",0.0004600000000000021,0.47
STRAX/USDT,0.01222,0.012277,0.012248499999999999,2,"['Binance', 'Gate']",5.699999999999976e-05,0.47
ZEN/USDT,5.937,5.965,5.954,4,"['Binance', 'OKX', 'Bybit', 'Bitget']",0.02799999999999958,0.47
ARG/USDT,0.7,0.7033,0.70165,2,"['OKX', 'Bitget']",0.0033000000000000806,0.47
CTSI/USD,0.02966,0.0298,0.02973,2,"['Coinbase', 'Kraken']",0.00014000000000000123,0.47
GODS/USD,0.03376,0.03392,0.033839999999999995,2,"['OKX', 'Coinbase']",0.00016000000000000042,0.47
TOWNS/USDT,0.0034,0.003416,0.0034076666666666665,3,"['Binance', 'Bybit', 'Gate']",1.600000000000039e-05,0.47
SIGN/USD,0.01284,0.0129,0.01287,2,"['Coinbase', 'Kraken']",5.999999999999929e-05,0.47
M/USDT,3.465656,3.4817,3.473678,2,"['Gate', 'Bitget']",0.016043999999999947,0.46
BLESS/USDT,0.00526,0.005284,0.005272,2,"['Gate', 'Bitget']",2.3999999999999716e-05,0.46
ALGO/USDT,0.10969,0.11019,0.10981428571428571,7,"['Binance', 'OKX', 'Bybit', 'Kraken', 'Gate', 'Bitget', 'Crypto.com']",0.0005000000000000004,0.46
BASED/USD,0.07137,0.0717,0.071535,2,"['OKX', 'Kraken']",0.00032999999999999696,0.46
TRX/USD,0.35452,0.35614,0.3551925,4,"['OKX', 'Bitfinex', 'Kraken', 'Gemini']",0.0016200000000000103,0.46
VTHO/USDT,0.000516,0.0005184,0.0005166,4,"['Binance', 'Bybit', 'Gate', 'Bitget']",2.4000000000000583e-06,0.46
SCR/USDT,0.0434,0.0436,0.0434975,4,"['Binance', 'OKX', 'Bybit', 'Gate']",0.0001999999999999988,0.46
GAS/USDT,1.553,1.56,1.5554999999999999,4,"['Binance', 'OKX', 'Gate', 'Bitget']",0.007000000000000117,0.45
RUNE/USDT,0.444,0.446,0.4451,4,"['Binance', 'Bybit', 'Gate', 'Bitget']",0.0020000000000000018,0.45
WAVES/USDT,0.3801,0.3818,0.38116666666666665,3,"['Bybit', 'Gate', 'Bitget']",0.0016999999999999793,0.45
SOPH/USDT,0.007576,0.00761,0.007588666666666667,3,"['Binance', 'OKX', 'Bitget']",3.399999999999931e-05,0.45
GRT/USD,0.02449,0.0246,0.024534,5,"['Coinbase', 'Kraken', 'Gemini', 'Bitstamp', 'Crypto.com']",0.00010999999999999899,0.45
FLOW/USDT,0.03545,0.03561,0.035527500000000004,4,"['Binance', 'OKX', 'Bybit', 'Gate']",0.00016000000000000042,0.45
UMA/USD,0.449,0.451,0.45,2,"['Coinbase', 'Kraken']",0.0020000000000000018,0.44
RAY/USDT,0.6967,0.6998,0.6976249999999999,4,"['Binance', 'OKX', 'Gate', 'Bitget']",0.0030999999999999917,0.44
SPELL/USDT,0.0001577,0.0001584,0.00015805000000000002,2,"['Binance', 'Gate']",6.999999999999899e-07,0.44
USUAL/USDT,0.0135,0.01356,0.013519999999999999,3,"['Binance', 'Gate', 'Bitget']",5.999999999999929e-05,0.44
JITOSOL/USD,107.29,107.76,107.525,2,"['Coinbase', 'Kraken']",0.46999999999999886,0.44
PNUT/USDT,0.05625,0.0565,0.056384000000000004,5,"['Binance', 'OKX', 'Bybit', 'Gate', 'Bitget']",0.0002500000000000002,0.44
ROBO/USD,0.02044,0.02053,0.020485,2,"['Coinbase', 'Kraken']",8.99999999999998e-05,0.44
ORCA/USDT,1.3949,1.401,1.3986333333333334,3,"['Binance', 'Gate', 'Bitget']",0.006099999999999994,0.44
SAFE/USDT,0.1363,0.1369,0.136575,4,"['OKX', 'Bybit', 'Gate', 'Bitget']",0.0005999999999999894,0.44
AVAX/USDT,9.03,9.07,9.062375,8,"['Binance', 'OKX', 'Bybit', 'Coinbase', 'Kraken', 'Gate', 'Bitget', 'Crypto.com']",0.040000000000000924,0.44
AVNT/USD,0.1347,0.1353,0.135,2,"['Coinbase', 'Kraken']",0.0006000000000000172,0.44
BILL/USD,0.1157,0.11621,0.115955,2,"['Coinbase', 'Kraken']",0.0005099999999999966,0.44
CAKE/USD,1.391,1.397,1.3940000000000001,2,"['Coinbase', 'Kraken']",0.006000000000000005,0.43
NOT/USDT,0.0004842,0.0004863,0.00048556,5,"['Binance', 'OKX', 'Bybit', 'Gate', 'Bitget']",2.099999999999997e-06,0.43
NEWT/USDT,0.07183,0.07214,0.0719925,4,"['Binance', 'Bybit', 'Gate', 'Bitget']",0.00030999999999999084,0.43
LRC/USDT,0.01632,0.01639,0.016366666666666665,3,"['OKX', 'Bybit', 'Gate']",6.999999999999715e-05,0.43
LINK/USD,9.444,9.4847,9.47321,7,"['OKX', 'Coinbase', 'Bitfinex', 'Kraken', 'Gemini', 'Bitstamp', 'Crypto.com']",0.04069999999999929,0.43
RAVE/USD,0.5803,0.5828,0.58155,2,"['Coinbase', 'Kraken']",0.0024999999999999467,0.43
ZORA/USDT,0.010599,0.010645,0.010626,4,"['OKX', 'Bybit', 'Gate', 'Bitget']",4.5999999999999167e-05,0.43
LAYER/USD,0.0919,0.0923,0.09203666666666666,3,"['OKX', 'Coinbase', 'Kraken']",0.0003999999999999976,0.43
LMWR/USDT,0.01851,0.01859,0.018543333333333332,3,"['Bybit', 'Gate', 'Bitget']",8.000000000000021e-05,0.43
HUMA/USDT,0.02143,0.02152,0.021452000000000002,5,"['Binance', 'OKX', 'Bybit', 'Gate', 'Bitget']",8.99999999999998e-05,0.42
TON/USD,1.9567,1.965,1.962035714285714,7,"['OKX', 'Coinbase', 'Bitfinex', 'Kraken', 'Gemini', 'Bitstamp', 'Crypto.com']",0.008299999999999974,0.42
AVAX/USD,9.022,9.06,9.047166666666667,6,"['OKX', 'Coinbase', 'Kraken', 'Gemini', 'Bitstamp', 'Crypto.com']",0.038000000000000256,0.42
JASMY/USDT,0.00553,0.005553,0.005541,4,"['Binance', 'Bybit', 'Gate', 'Bitget']",2.2999999999999583e-05,0.42
XPL/USD,0.08056,0.0809,0.080785,4,"['OKX', 'Coinbase', 'Kraken', 'Bitstamp']",0.0003399999999999931,0.42
GIGA/USD,0.004023,0.00404,0.0040315,2,"['Coinbase', 'Kraken']",1.700000000000052e-05,0.42
ONT/USD,0.06364,0.06391,0.063775,2,"['OKX', 'Crypto.com']",0.00026999999999999247,0.42
DYDX/USDT,0.1409,0.14148,0.141254,5,"['Binance', 'OKX', 'Bybit', 'Gate', 'Bitget']",0.0005799999999999972,0.41
DOLO/USDT,0.03175,0.03188,0.031823333333333335,3,"['Binance', 'Bybit', 'Gate']",0.00012999999999999817,0.41
HMSTR/USDT,0.0001466,0.0001472,0.0001469,4,"['Binance', 'OKX', 'Bybit', 'Bitget']",5.999999999999875e-07,0.41
MERL/USDT,0.02887,0.02899,0.02892,4,"['OKX', 'Bybit', 'Gate', 'Bitget']",0.00011999999999999858,0.41
POWR/USD,0.0634,0.06366,0.06353,2,"['Kraken', 'Crypto.com']",0.00025999999999999635,0.41
COTI/USDT,0.0123,0.01235,0.012316666666666665,3,"['Binance', 'Gate', 'Bitget']",4.99999999999997e-05,0.41
ETHW/USDT,0.265,0.2661,0.2656,3,"['OKX', 'Bybit', 'Gate']",0.0010999999999999899,0.41
COOKIE/USDT,0.0169,0.01697,0.01694,4,"['Binance', 'Bybit', 'Gate', 'Bitget']",7.000000000000062e-05,0.41
MTL/USDT,0.289,0.2902,0.28973333333333334,3,"['Binance', 'Gate', 'Bitget']",0.0012000000000000344,0.41
CVX/USDT,1.696,1.703,1.69875,4,"['Binance', 'OKX', 'Gate', 'Bitget']",0.007000000000000117,0.41
CLOUD/USDT,0.01938,0.01946,0.01942,2,"['Bybit', 'Gate']",8.000000000000021e-05,0.41
DUCK/USDT,7.791e-05,7.823e-05,7.807e-05,2,"['OKX', 'Gate']",3.1999999999999694e-07,0.41
ELSA/USDT,0.06448,0.06474,0.06461,2,"['Bybit', 'Gate']",0.0002600000000000102,0.4
QTUM/USDT,0.8785,0.882,0.8801,4,"['Binance', 'OKX', 'Bybit', 'Bitget']",0.0035000000000000586,0.4
MASK/USDT,0.447,0.4488,0.44806,5,"['Binance', 'OKX', 'Bybit', 'Gate', 'Bitget']",0.0017999999999999683,0.4
ERA/USDT,0.1242,0.1247,0.1244075,4,"['Binance', 'Bybit', 'Gate', 'Bitget']",0.0005000000000000004,0.4
MMT/USDT,0.1249,0.1254,0.12518,5,"['Binance', 'OKX', 'Bybit', 'Gate', 'Bitget']",0.0005000000000000143,0.4
THETA/USD,0.1992,0.2,0.1996,2,"['OKX', 'Crypto.com']",0.0008000000000000229,0.4
UNI/USD,3.451,3.465,3.4595483333333337,6,"['OKX', 'Coinbase', 'Bitfinex', 'Kraken', 'Bitstamp', 'Crypto.com']",0.01399999999999979,0.4
ZEX/USDT,0.02265,0.02274,0.022695,2,"['Bybit', 'Gate']",8.99999999999998e-05,0.4
PIXEL/USDT,0.006805,0.006832,0.00682175,4,"['Binance', 'OKX', 'Gate', 'Bitget']",2.7000000000000114e-05,0.4
RVN/USDT,0.005425,0.005447,0.0054394,5,"['Binance', 'OKX', 'Bybit', 'Gate', 'Bitget']",2.199999999999945e-05,0.4
OP/USD,0.126,0.1265,0.12632000000000002,5,"['OKX', 'Coinbase', 'Kraken', 'Bitstamp', 'Crypto.com']",0.0005000000000000004,0.4
ALCX/USDT,5.03,5.05,5.04,2,"['Binance', 'Gate']",0.019999999999999574,0.4
TURBO/USDT,0.0011136,0.001118,0.00111665,4,"['Binance', 'OKX', 'Gate', 'Bitget']",4.400000000000107e-06,0.39
POPCAT/USDT,0.05579,0.05601,0.0559,2,"['Bybit', 'Gate']",0.00021999999999999797,0.39
WBTC/USDT,76212.0,76509.3,76375.5975,4,"['Binance', 'Bybit', 'Gate', 'Bitget']",297.3000000000029,0.39
EGLD/USDT,3.87,3.885,3.876,5,"['Binance', 'OKX', 'Bybit', 'Gate', 'Bitget']",0.01499999999999968,0.39
TLM/USDT,0.001772,0.001779,0.0017755,2,"['Binance', 'Gate']",7.000000000000062e-06,0.39
SUSHI/USDT,0.2062,0.207,0.20670000000000002,5,"['Binance', 'OKX', 'Bybit', 'Gate', 'Bitget']",0.0007999999999999952,0.39
RED/USDT,0.12552,0.126,0.12573,4,"['Binance', 'Bybit', 'Gate', 'Bitget']",0.0004800000000000082,0.38
COTI/USD,0.01224,0.012287,0.0122635,2,"['Kraken', 'Crypto.com']",4.700000000000017e-05,0.38
LQTY/USDT,0.262,0.263,0.262675,4,"['Binance', 'OKX', 'Gate', 'Bitget']",0.0010000000000000009,0.38
CFX/USDT,0.05708,0.0573,0.0571925,4,"['Binance', 'OKX', 'Gate', 'Bitget']",0.00021999999999999797,0.38
SYRUP/USDT,0.2112,0.212,0.2117,3,"['Binance', 'Gate', 'Bitget']",0.0007999999999999952,0.38
POL/USDT,0.0887,0.08903,0.08889,5,"['Binance', 'OKX', 'Bybit', 'Gate', 'Bitget']",0.00032999999999999696,0.37
JUP/USDT,0.1941,0.19481,0.19439833333333334,6,"['Binance', 'OKX', 'Bybit', 'Gate', 'Bitget', 'Crypto.com']",0.0007100000000000162,0.37
ORDER/USDT,0.0512,0.05139,0.05129,3,"['Bybit', 'Gate', 'Bitget']",0.00018999999999999573,0.37
RAY/USD,0.698,0.7006,0.6993,2,"['Coinbase', 'Kraken']",0.0026000000000000467,0.37
MINA/USDT,0.0564,0.05661,0.056496000000000005,5,"['Binance', 'OKX', 'Bybit', 'Gate', 'Bitget']",0.00021000000000000185,0.37
XYO/USDT,0.0037131,0.003727,0.00372005,2,"['Gate', 'Crypto.com']",1.389999999999985e-05,0.37
QKC/USDT,0.002934,0.002945,0.0029395000000000003,2,"['Binance', 'Gate']",1.1000000000000159e-05,0.37
UP/USD,0.11923,0.11967,0.11945,2,"['Coinbase', 'Kraken']",0.00043999999999999595,0.37
AIXBT/USDT,0.03062,0.03073,0.030664000000000004,5,"['Binance', 'OKX', 'Bybit', 'Gate', 'Bitget']",0.00010999999999999899,0.36
APE/USDT,0.1395,0.14,0.13973166666666667,6,"['Binance', 'OKX', 'Bybit', 'Coinbase', 'Gate', 'Bitget']",0.0005000000000000004,0.36
BNT/USDT,0.3302,0.3314,0.3307333333333333,3,"['Binance', 'OKX', 'Bitget']",0.0011999999999999789,0.36
MOVR/USDT,2.206,2.214,2.2105,4,"['Binance', 'Bybit', 'Gate', 'Bitget']",0.008000000000000007,0.36
LAYER/USDT,0.092,0.09233,0.092206,5,"['Binance', 'OKX', 'Bybit', 'Gate', 'Bitget']",0.00032999999999999696,0.36
FF/USDT,0.0856,0.08591,0.0857,4,"['Binance', 'Bybit', 'Gate', 'Bitget']",0.0003100000000000047,0.36
DBR/USDT,0.01397,0.01402,0.01399,3,"['Bybit', 'Gate', 'Bitget']",4.99999999999997e-05,0.36
CELO/USDT,0.07938,0.07967,0.079528,5,"['Binance', 'OKX', 'Bybit', 'Gate', 'Bitget']",0.0002899999999999986,0.36
SWFTC/USDT,0.003371,0.003383,0.003377,2,"['OKX', 'Gate']",1.2000000000000292e-05,0.36
AMP/USDT,0.000838,0.000841,0.0008398999999999999,3,"['Binance', 'Gate', 'Bitget']",2.9999999999999645e-06,0.36
NOM/USDT,0.002191,0.002199,0.002195,3,"['Bybit', 'Gate', 'Bitget']",8.000000000000194e-06,0.36
PHA/USDT,0.03328,0.0334,0.033326666666666664,3,"['Binance', 'OKX', 'Bitget']",0.00012000000000000205,0.36
SKR/USDT,0.014368,0.014419,0.014392333333333333,3,"['Bybit', 'Gate', 'Bitget']",5.099999999999896e-05,0.35
KNC/USDT,0.1424,0.1429,0.142675,4,"['Binance', 'OKX', 'Gate', 'Bitget']",0.0005000000000000004,0.35
QNT/USD,73.74,74.0,73.837,4,"['Coinbase', 'Kraken', 'Gemini', 'Crypto.com']",0.2600000000000051,0.35
NFT/USDT,2.847e-07,2.857e-07,2.853e-07,4,"['OKX', 'Bybit', 'Gate', 'Bitget']",1.0000000000000222e-09,0.35
STETH/USDT,2103.1,2110.45,2108.3624999999997,4,"['OKX', 'Bybit', 'Gate', 'Bitget']",7.349999999999909,0.35
THETA/USDT,0.1991,0.1998,0.1995,3,"['OKX', 'Bybit', 'Gate']",0.0007000000000000062,0.35
PLUME/USDT,0.01156,0.0116,0.01158875,4,"['Binance', 'Bybit', 'Gate', 'Bitget']",3.999999999999837e-05,0.35
BOBA/USD,0.02531,0.0254,0.025355,2,"['Coinbase', 'Kraken']",8.99999999999998e-05,0.35
INJ/USD,4.858,4.875,4.866,3,"['Coinbase', 'Kraken', 'Bitstamp']",0.017000000000000348,0.35
TREE/USDT,0.06072,0.06093,0.0608625,4,"['Binance', 'Bybit', 'Gate', 'Bitget']",0.0002099999999999949,0.35
MEW/USD,0.00055006,0.000552,0.00055103,2,"['Kraken', 'Bitstamp']",1.9399999999999713e-06,0.35
ARPA/USD,0.01186,0.0119,0.011880000000000002,2,"['Coinbase', 'Kraken']",4.0000000000000105e-05,0.34
BSV/USDT,14.83,14.88,14.855,2,"['Gate', 'Bitget']",0.05000000000000071,0.34
CTSI/USDT,0.02965,0.02975,0.029699999999999997,2,"['Binance', 'Crypto.com']",9.99999999999994e-05,0.34
BARD/USDT,0.2231,0.22385,0.22359,5,"['Binance', 'OKX', 'Bybit', 'Gate', 'Bitget']",0.0007500000000000007,0.34
ELIZAOS/USDT,0.0009232,0.0009263,0.00092475,2,"['Bybit', 'Gate']",3.100000000000021e-06,0.34
MEME/USDT,0.000505,0.0005067,0.00050612,5,"['Binance', 'OKX', 'Bybit', 'Gate', 'Bitget']",1.6999999999999871e-06,0.34
W/USDT,0.0119,0.01194,0.011921999999999999,5,"['Binance', 'OKX', 'Bybit', 'Gate', 'Bitget']",3.999999999999837e-05,0.34
JASMY/USD,0.0055311,0.00555,0.005540366666666667,3,"['Coinbase', 'Kraken', 'Crypto.com']",1.8900000000000514e-05,0.34
BTC/USDT,76187.9,76444.85,76252.84333333332,9,"['Binance', 'OKX', 'Bybit', 'Coinbase', 'Kraken', 'Gemini', 'Gate', 'Bitget', 'Bitstamp']",256.95000000001164,0.34
BCH/USD,364.25,365.5,364.67333333333335,6,"['OKX', 'Coinbase', 'Kraken', 'Gemini', 'Bitstamp', 'Crypto.com']",1.25,0.34
VANA/USDT,1.487,1.492,1.489725,4,"['Binance', 'Bybit', 'Gate', 'Bitget']",0.004999999999999893,0.34
GOMINING/USDT,0.2929,0.2939,0.2934,2,"['Gate', 'Bitget']",0.0010000000000000009,0.34
WLD/USD,0.2386,0.2394,0.23893333333333333,3,"['OKX', 'Coinbase', 'Kraken']",0.0007999999999999952,0.33
IMX/USDT,0.16526,0.1658,0.16549571428571427,7,"['Binance', 'OKX', 'Bybit', 'Coinbase', 'Gate', 'Bitget', 'Crypto.com']",0.0005400000000000127,0.33
WET/USDT,0.07801,0.07827,0.07813333333333333,3,"['OKX', 'Bybit', 'Gate']",0.0002600000000000102,0.33
AXS/USDT,1.16,1.1638,1.1615499999999999,6,"['Binance', 'OKX', 'Bybit', 'Gate', 'Bitget', 'Crypto.com']",0.0038000000000000256,0.33
SOLV/USDT,0.004256,0.00427,0.004262500000000001,4,"['Binance', 'Bybit', 'Gate', 'Bitget']",1.4000000000000123e-05,0.33
TREE/USD,0.0606,0.0608,0.060700000000000004,2,"['Coinbase', 'Kraken']",0.0001999999999999988,0.33
SAGA/USDT,0.021,0.02107,0.021036666666666665,3,"['Binance', 'Gate', 'Bitget']",6.999999999999715e-05,0.33
ILV/USDT,4.386,4.4,4.39225,4,"['Binance', 'OKX', 'Gate', 'Bitget']",0.014000000000000234,0.32
SPK/USDT,0.02792,0.02801,0.027983800000000003,5,"['Binance', 'OKX', 'Bybit', 'Gate', 'Bitget']",8.99999999999998e-05,0.32
DOT/USDT,1.2265,1.2304,1.2277,7,"['Binance', 'OKX', 'Bybit', 'Kraken', 'Gate', 'Bitget', 'Crypto.com']",0.0039000000000000146,0.32
DOGE/USD,0.10305,0.10338,0.10325578571428572,7,"['OKX', 'Coinbase', 'Bitfinex', 'Kraken', 'Gemini', 'Bitstamp', 'Crypto.com']",0.00032999999999999696,0.32
AIO/USDT,0.09943,0.099749,0.0995895,2,"['Gate', 'Bitget']",0.00031899999999999984,0.32
RECALL/USDT,0.0567,0.05688,0.05678333333333333,3,"['Bybit', 'Gate', 'Bitget']",0.0001799999999999996,0.32
XRP/USDT,1.3644,1.36879,1.3653211111111112,9,"['Binance', 'OKX', 'Bybit', 'Coinbase', 'Kraken', 'Gate', 'Bitget', 'Bitstamp', 'Crypto.com']",0.004389999999999894,0.32
TRUST/USDT,0.06632,0.06653,0.06642500000000001,2,"['Gate', 'Bitget']",0.00021000000000000185,0.32
RARE/USD,0.01565,0.0157,0.015675,2,"['Coinbase', 'Kraken']",4.999999999999796e-05,0.32
SAND/USD,0.06996,0.07018,0.07006,4,"['Coinbase', 'Kraken', 'Bitstamp', 'Crypto.com']",0.00022000000000001185,0.31
DASH/USDT,42.04,42.17,42.12,3,"['Binance', 'OKX', 'Gate']",0.13000000000000256,0.31
GUN/USDT,0.01288,0.01292,0.012893333333333333,3,"['Binance', 'Gate', 'Bitget']",3.999999999999837e-05,0.31
ONT/USDT,0.06345,0.06365,0.06353500000000001,4,"['Binance', 'OKX', 'Gate', 'Bitget']",0.00019999999999999185,0.31
ALICE/USDT,0.1293,0.1297,0.12943666666666667,3,"['Binance', 'Gate', 'Bitget']",0.00040000000000001146,0.31
PRCL/USDT,0.01306,0.0131,0.013076666666666667,3,"['OKX', 'Bybit', 'Gate']",4.0000000000000105e-05,0.31
SPX/USD,0.3579,0.359,0.35845,2,"['Coinbase', 'Kraken']",0.0010999999999999899,0.31
GAIB/USDT,0.01902,0.01908,0.019049999999999997,2,"['Bybit', 'Bitget']",6.0000000000001025e-05,0.31
CAMP/USDT,0.001635,0.00164,0.0016370000000000002,3,"['Bybit', 'Gate', 'Bitget']",5.000000000000013e-06,0.31
ATH/USDT,0.00577,0.005788,0.0057825,4,"['OKX', 'Bybit', 'Gate', 'Bitget']",1.7999999999999787e-05,0.31
AEVO/USDT,0.02588,0.02596,0.025925999999999998,5,"['Binance', 'OKX', 'Bybit', 'Gate', 'Bitget']",8.000000000000021e-05,0.31
KERNEL/USDT,0.0654,0.0656,0.06549666666666666,3,"['Binance', 'Gate', 'Bitget']",0.00020000000000000573,0.31
BOME/USDT,0.000615,0.0006169,0.0006159,5,"['Binance', 'OKX', 'Bybit', 'Gate', 'Bitget']",1.899999999999992e-06,0.31
STX/USDT,0.2314,0.2321,0.23165714285714284,7,"['Binance', 'OKX', 'Bybit', 'Coinbase', 'Gate', 'Bitget', 'Crypto.com']",0.0007000000000000062,0.3
CSPR/USDT,0.003019,0.003028,0.00302425,4,"['OKX', 'Bybit', 'Gate', 'Crypto.com']",8.999999999999894e-06,0.3
SNT/USDT,0.009694,0.009723,0.0097085,2,"['OKX', 'Gate']",2.9000000000001247e-05,0.3
DEGEN/USDT,0.0009203,0.0009231,0.0009220750000000001,4,"['OKX', 'Bybit', 'Gate', 'Bitget']",2.800000000000068e-06,0.3
CRV/USD,0.2307,0.2314,0.23102999999999999,5,"['OKX', 'Coinbase', 'Kraken', 'Gemini', 'Bitstamp']",0.0007000000000000062,0.3
WBTC/USD,76110.08,76341.5,76225.79000000001,2,"['Kraken', 'Crypto.com']",231.41999999999825,0.3
ENSO/USDT,0.7976,0.8,0.798975,4,"['Binance', 'Bybit', 'Gate', 'Bitget']",0.0024000000000000687,0.3
PNUT/USD,0.0561,0.05627,0.0561925,4,"['Coinbase', 'Kraken', 'Gemini', 'Bitstamp']",0.00017000000000000348,0.3
VET/USD,0.006651,0.0066707,0.006660566666666666,3,"['Coinbase', 'Kraken', 'Crypto.com']",1.97000000000001e-05,0.3
BCH/USDT,364.4,365.49,364.68857142857144,7,"['Binance', 'OKX', 'Bybit', 'Kraken', 'Gate', 'Bitget', 'Crypto.com']",1.0900000000000318,0.3
CATI/USDT,0.0501,0.05025,0.05019,5,"['Binance', 'OKX', 'Bybit', 'Gate', 'Bitget']",0.0001500000000000043,0.3
SYRUP/USD,0.21116,0.2118,0.21147666666666665,3,"['Coinbase', 'Kraken', 'Bitstamp']",0.0006400000000000017,0.3
CHZ/USDT,0.04726,0.0474,0.047310000000000005,7,"['Binance', 'OKX', 'Bybit', 'Coinbase', 'Gate', 'Bitget', 'Crypto.com']",0.0001399999999999943,0.3
YGG/USDT,0.03618,0.03629,0.03625,4,"['Binance', 'OKX', 'Gate', 'Bitget']",0.00011000000000000593,0.3
RHEA/USDT,0.01005,0.01008,0.010065000000000001,2,"['Gate', 'Bitget']",3.0000000000000512e-05,0.3
ZKC/USDT,0.0672,0.0674,0.0672975,4,"['Binance', 'Bybit', 'Gate', 'Bitget']",0.00020000000000000573,0.3
PEOPLE/USDT,0.006733,0.006753,0.0067424,5,"['Binance', 'OKX', 'Bybit', 'Gate', 'Bitget']",2.0000000000000052e-05,0.3
TOSHI/USDT,0.0001686,0.0001691,0.00016889999999999999,4,"['OKX', 'Bybit', 'Gate', 'Bitget']",4.99999999999985e-07,0.3
FIDA/USDT,0.01974,0.0198,0.01977,4,"['Binance', 'Bybit', 'Gate', 'Bitget']",6.0000000000001025e-05,0.3
GMT/USDT,0.01025,0.01028,0.010259599999999999,5,"['Binance', 'OKX', 'Bybit', 'Gate', 'Bitget']",2.9999999999998778e-05,0.29
A/USDT,0.07983,0.08006,0.07994799999999999,5,"['Binance', 'OKX', 'Bybit', 'Gate', 'Bitget']",0.00023000000000000798,0.29
XDC/USD,0.032566,0.032661,0.032598999999999996,3,"['Bitfinex', 'Kraken', 'Bitstamp']",9.50000000000048e-05,0.29
AR/USD,2.092,2.098,2.0949999999999998,2,"['OKX', 'Kraken']",0.005999999999999783,0.29
PUNDIX/USDT,0.1371,0.1375,0.1373,2,"['Binance', 'Bitget']",0.00040000000000001146,0.29
HIVE/USDT,0.0587,0.05887,0.05879,3,"['Binance', 'Gate', 'Bitget']",0.00016999999999999654,0.29
JTO/USDT,0.4128,0.414,0.41322000000000003,5,"['Binance', 'OKX', 'Bybit', 'Gate', 'Bitget']",0.0011999999999999789,0.29
JOE/USDT,0.04125,0.04137,0.041305,4,"['Binance', 'OKX', 'Gate', 'Bitget']",0.00011999999999999511,0.29
MPLX/USDT,0.02382,0.02389,0.023855,2,"['Bybit', 'Gate']",7.000000000000062e-05,0.29
IO/USDT,0.1396,0.14,0.13974,4,"['Binance', 'Bybit', 'Gate', 'Bitget']",0.00040000000000001146,0.29
ASTR/USDT,0.007794,0.007817,0.007802249999999999,4,"['Binance', 'OKX', 'Gate', 'Bitget']",2.2999999999999583e-05,0.29
ACH/USDT,0.006891,0.006911,0.0069036,5,"['Binance', 'OKX', 'Bybit', 'Gate', 'Bitget']",1.9999999999999185e-05,0.29
CRO/USD,0.06857,0.06876,0.06868,4,"['OKX', 'Coinbase', 'Kraken', 'Crypto.com']",0.00018999999999999573,0.28
WCT/USDT,0.06036,0.06053,0.060466,5,"['Binance', 'OKX', 'Bybit', 'Gate', 'Bitget']",0.00017000000000000348,0.28
PYTH/USDT,0.03885,0.03896,0.03890166666666667,6,"['Binance', 'OKX', 'Bybit', 'Gate', 'Bitget', 'Crypto.com']",0.00010999999999999899,0.28
STG/USD,0.16205,0.1625,0.1622325,4,"['Coinbase', 'Bitfinex', 'Kraken', 'Crypto.com']",0.00045000000000000595,0.28
LTC/USD,53.56,53.71,53.63142857142857,7,"['OKX', 'Coinbase', 'Bitfinex', 'Kraken', 'Gemini', 'Bitstamp', 'Crypto.com']",0.14999999999999858,0.28
AI/USDT,0.0287,0.02878,0.02874,2,"['Binance', 'Gate']",8.000000000000021e-05,0.28
AB/USDT,0.001404,0.001408,0.0014060000000000001,2,"['Gate', 'Bitget']",3.99999999999988e-06,0.28
PEPE/USDT,3.64e-06,3.65e-06,3.6438333333333336e-06,6,"['Binance', 'OKX', 'Bybit', 'Gate', 'Bitget', 'Crypto.com']",1.0000000000000328e-08,0.27
TON/USDT,1.9606,1.966,1.9641857142857142,7,"['Binance', 'OKX', 'Bybit', 'Kraken', 'Gate', 'Bitget', 'Crypto.com']",0.005400000000000071,0.27
ZK/USD,0.01481,0.01485,0.014826666666666667,3,"['Coinbase', 'Kraken', 'Crypto.com']",4.0000000000000105e-05,0.27
GODS/USDT,0.03382,0.03391,0.03386666666666666,3,"['OKX', 'Bybit', 'Bitget']",8.99999999999998e-05,0.27
KAITO/USD,0.4507,0.4519,0.45130000000000003,2,"['Coinbase', 'Kraken']",0.0012000000000000344,0.27
XEC/USDT,7.31e-06,7.33e-06,7.32e-06,2,"['Binance', 'Gate']",1.999999999999981e-08,0.27
FLOKI/USD,2.972e-05,2.98e-05,2.9766e-05,5,"['Coinbase', 'Kraken', 'Gemini', 'Bitstamp', 'Crypto.com']",7.999999999999923e-08,0.27
ZRC/USDT,0.001469,0.001473,0.001471,2,"['Bybit', 'Gate']",3.99999999999988e-06,0.27
FLR/USD,0.00822,0.008242,0.008230666666666666,3,"['OKX', 'Coinbase', 'Kraken']",2.199999999999945e-05,0.27
CPOOL/USDT,0.02949,0.02957,0.029536666666666666,3,"['Bybit', 'Gate', 'Bitget']",8.000000000000021e-05,0.27
GLM/USD,0.1304,0.13075,0.1306166666666667,3,"['OKX', 'Coinbase', 'Crypto.com']",0.00035000000000001696,0.27
CVC/USDT,0.02973,0.02981,0.029763333333333333,3,"['Binance', 'OKX', 'Gate']",8.000000000000021e-05,0.27
VELO/USDT,0.003652,0.003662,0.00365725,4,"['OKX', 'Bybit', 'Gate', 'Bitget']",1.0000000000000026e-05,0.27
PROVE/USD,0.2222,0.2228,0.22256666666666666,3,"['OKX', 'Coinbase', 'Kraken']",0.0005999999999999894,0.27
SEI/USDT,0.05998,0.06014,0.06002833333333333,6,"['Binance', 'OKX', 'Bybit', 'Gate', 'Bitget', 'Crypto.com']",0.00016000000000000042,0.27
HOME/USDT,0.01926,0.01931,0.019286499999999998,4,"['Binance', 'Bybit', 'Gate', 'Bitget']",5.000000000000143e-05,0.26
NEAR/USD,1.6028,1.607,1.6054666666666666,6,"['OKX', 'Coinbase', 'Bitfinex', 'Kraken', 'Bitstamp', 'Crypto.com']",0.0041999999999999815,0.26
LUNA/USDT,0.06235,0.06251,0.06246,5,"['Binance', 'OKX', 'Bybit', 'Gate', 'Bitget']",0.00015999999999999348,0.26
NEIRO/USD,8.77e-05,8.793e-05,8.7815e-05,2,"['OKX', 'Kraken']",2.2999999999998933e-07,0.26
SXT/USDT,0.01169,0.01172,0.011702500000000001,4,"['Binance', 'Bybit', 'Gate', 'Bitget']",2.9999999999998778e-05,0.26
BAT/USD,0.09867,0.09893,0.0988,2,"['Coinbase', 'Crypto.com']",0.0002600000000000102,0.26
AVA/USDT,0.2305,0.2311,0.23073333333333335,3,"['Binance', 'Bybit', 'Bitget']",0.0005999999999999894,0.26
AZTEC/USD,0.01946,0.01951,0.019485000000000002,2,"['Coinbase', 'Kraken']",4.999999999999796e-05,0.26
ZKJ/USDT,0.01137,0.0114,0.0113825,4,"['OKX', 'Bybit', 'Gate', 'Bitget']",3.0000000000000512e-05,0.26
VOOI/USDT,0.005419,0.005433,0.005428333333333334,3,"['Bybit', 'Gate', 'Bitget']",1.4000000000000123e-05,0.26
NIGHT/USDT,0.03129,0.03137,0.031332,5,"['Binance', 'OKX', 'Bybit', 'Gate', 'Bitget']",8.000000000000368e-05,0.26
MORPHO/USDT,1.749,1.7536,1.7517400000000003,5,"['Binance', 'OKX', 'Bybit', 'Gate', 'Bitget']",0.0045999999999999375,0.26
ES/USDT,0.1611,0.16151,0.16132,3,"['Bybit', 'Gate', 'Bitget']",0.0004099999999999937,0.25
BABYDOGE/USDT,3.96e-10,3.97e-10,3.967e-10,4,"['OKX', 'Bybit', 'Gate', 'Bitget']",1.0000000000000482e-12,0.25
NIL/USDT,0.0481,0.04822,0.04814333333333334,3,"['Binance', 'Gate', 'Bitget']",0.00012000000000000205,0.25
SPELL/USD,0.0001577,0.0001581,0.0001579,3,"['Coinbase', 'Kraken', 'Crypto.com']",3.999999999999826e-07,0.25
DOT/USD,1.2251,1.2282,1.2268285714285714,7,"['OKX', 'Coinbase', 'Bitfinex', 'Kraken', 'Gemini', 'Bitstamp', 'Crypto.com']",0.0030999999999998806,0.25
LPT/USDT,2.017,2.022,2.01925,4,"['Binance', 'OKX', 'Gate', 'Bitget']",0.004999999999999893,0.25
DOLO/USD,0.03162,0.0317,0.03166,2,"['Coinbase', 'Kraken']",7.999999999999674e-05,0.25
NEAR/USDT,1.605,1.609,1.6075,7,"['Binance', 'OKX', 'Bybit', 'Coinbase', 'Gate', 'Bitget', 'Crypto.com']",0.0040000000000000036,0.25
CORN/USDT,0.05535,0.05549,0.05542,2,"['Bybit', 'Gate']",0.0001399999999999943,0.25
UAI/USDT,0.23415,0.23473,0.23443999999999998,2,"['Gate', 'Bitget']",0.0005799999999999972,0.25
XAN/USDT,0.008658,0.00868,0.008669,2,"['Bybit', 'Gate']",2.199999999999945e-05,0.25
PRIME/USD,0.399,0.4,0.3995,2,"['Coinbase', 'Kraken']",0.0010000000000000009,0.25
NEO/USDT,2.835,2.842,2.83975,4,"['Binance', 'OKX', 'Gate', 'Bitget']",0.007000000000000117,0.25
GWEI/USD,0.136896,0.137245,0.13707049999999998,2,"['Coinbase', 'Kraken']",0.00034900000000001596,0.25
SYND/USDT,0.01569,0.01573,0.015710000000000002,2,"['Bybit', 'Gate']",4.000000000000184e-05,0.25
ICP/USD,2.496,2.5022,2.49905,4,"['OKX', 'Coinbase', 'Kraken', 'Crypto.com']",0.006200000000000205,0.25
XLM/USD,0.14382,0.14416,0.1440405,6,"['OKX', 'Coinbase', 'Bitfinex', 'Kraken', 'Bitstamp', 'Crypto.com']",0.00034000000000000696,0.24
TRB/USDT,16.98,17.02,17.002000000000002,5,"['Binance', 'OKX', 'Gate', 'Bitget', 'Crypto.com']",0.03999999999999915,0.24
MANA/USD,0.0881,0.08831,0.0882,3,"['Coinbase', 'Kraken', 'Crypto.com']",0.00021000000000000185,0.24
GMX/USDT,6.584,6.6,6.591800000000001,5,"['Binance', 'OKX', 'Bybit', 'Gate', 'Bitget']",0.016000000000000014,0.24
BLEND/USD,0.0951,0.09533,0.095215,2,"['Coinbase', 'Kraken']",0.0002299999999999941,0.24
GWEI/USDT,0.13712,0.137444,0.13728200000000002,2,"['Gate', 'Bitget']",0.0003240000000000187,0.24
ROBO/USDT,0.02052,0.02057,0.0205456,5,"['Binance', 'OKX', 'Bybit', 'Gate', 'Bitget']",5.000000000000143e-05,0.24
SQD/USDT,0.03758,0.03767,0.037625000000000006,2,"['Bybit', 'Gate']",8.99999999999998e-05,0.24
LINEA/USDT,0.00335,0.003358,0.0033558000000000004,5,"['Binance', 'OKX', 'Bybit', 'Gate', 'Bitget']",7.99999999999976e-06,0.24
HFT/USD,0.013877,0.01391,0.013895666666666667,3,"['Coinbase', 'Kraken', 'Crypto.com']",3.300000000000004e-05,0.24
LEO/USDT,10.053,10.077,10.065000000000001,2,"['OKX', 'Gate']",0.023999999999999133,0.24
MOODENG/USDT,0.04935,0.04947,0.04943,3,"['OKX', 'Gate', 'Bitget']",0.00012000000000000205,0.24
SNX/USDT,0.3038,0.3045,0.30419999999999997,5,"['Binance', 'OKX', 'Bybit', 'Gate', 'Bitget']",0.0006999999999999784,0.23
MIRA/USDT,0.07692,0.0771,0.07700666666666667,3,"['Binance', 'Gate', 'Bitget']",0.0001799999999999996,0.23
PIEVERSE/USDT,0.7465,0.7482,0.74735,2,"['Bybit', 'Gate']",0.0016999999999999238,0.23
MORPHO/USD,1.7468,1.75077,1.7494233333333333,3,"['OKX', 'Coinbase', 'Kraken']",0.003970000000000029,0.23
FLOW/USD,0.03542,0.0355,0.035456666666666664,3,"['Coinbase', 'Kraken', 'Crypto.com']",7.999999999999674e-05,0.23
XAN/USD,0.00863,0.00865,0.00864,2,"['Coinbase', 'Kraken']",1.9999999999999185e-05,0.23
HBAR/USD,0.08862,0.08882,0.0887025,4,"['OKX', 'Coinbase', 'Kraken', 'Bitstamp']",0.00019999999999999185,0.23
BLEND/USDT,0.09541,0.09563,0.09551666666666665,3,"['Bybit', 'Gate', 'Bitget']",0.00022000000000001185,0.23
ZBCN/USDT,0.002993,0.003,0.002997333333333333,3,"['OKX', 'Gate', 'Bitget']",7.000000000000062e-06,0.23
DOOD/USDT,0.002686,0.002692,0.00269025,4,"['OKX', 'Bybit', 'Gate', 'Bitget']",5.999999999999929e-06,0.22
DEGEN/USD,0.000921,0.000923,0.0009220000000000001,2,"['Coinbase', 'Kraken']",1.99999999999994e-06,0.22
MOCA/USDT,0.012612,0.01264,0.012626,2,"['Bybit', 'Gate']",2.8000000000000247e-05,0.22
AVNT/USDT,0.1348,0.1351,0.134938,5,"['Binance', 'OKX', 'Bybit', 'Gate', 'Bitget']",0.0002999999999999947,0.22
IOTA/USDT,0.05528,0.0554,0.05533333333333334,3,"['Binance', 'OKX', 'Gate']",0.00011999999999999511,0.22
AERO/USD,0.4047,0.40561,0.40515500000000004,2,"['Coinbase', 'Kraken']",0.0009100000000000219,0.22
ETC/USD,8.802,8.821,8.811525,4,"['Coinbase', 'Bitfinex', 'Kraken', 'Crypto.com']",0.019000000000000128,0.22
NMR/USD,9.21,9.23,9.22,2,"['Coinbase', 'Kraken']",0.019999999999999574,0.22
PROVE/USDT,0.2224,0.2229,0.22264,5,"['Binance', 'OKX', 'Bybit', 'Gate', 'Bitget']",0.0005000000000000004,0.22
WLFI/USDT,0.05992,0.06005,0.05999600000000001,5,"['Binance', 'OKX', 'Bybit', 'Gate', 'Bitget']",0.00012999999999999817,0.22
KAIO/USDT,0.063041,0.06318,0.0631105,2,"['Gate', 'Bitget']",0.00013900000000000023,0.22
KAITO/USDT,0.4513,0.4523,0.4517333333333333,3,"['Binance', 'OKX', 'Bitget']",0.0010000000000000009,0.22
JTO/USD,0.413,0.4139,0.41358999999999996,3,"['Coinbase', 'Kraken', 'Crypto.com']",0.0009000000000000119,0.22
BONK/USD,5.867e-06,5.88e-06,5.8728e-06,5,"['OKX', 'Coinbase', 'Kraken', 'Gemini', 'Bitstamp']",1.2999999999999706e-08,0.22
ZEUS/USDT,0.005089,0.0051,0.0050945,2,"['OKX', 'Gate']",1.1000000000000593e-05,0.22
METIS/USDT,3.36,3.367,3.36275,4,"['Binance', 'OKX', 'Gate', 'Bitget']",0.007000000000000117,0.21
MET/USD,0.1415,0.1418,0.14163333333333333,3,"['OKX', 'Coinbase', 'Kraken']",0.00030000000000002247,0.21
NXPC/USDT,0.3158,0.31646,0.31614000000000003,4,"['Binance', 'Bybit', 'Gate', 'Bitget']",0.0006599999999999939,0.21
KAS/USDT,0.03396,0.03403,0.034,4,"['Bybit', 'Kraken', 'Gate', 'Bitget']",7.000000000000062e-05,0.21
TNSR/USDT,0.03783,0.03791,0.037888,5,"['Binance', 'OKX', 'Bybit', 'Gate', 'Bitget']",7.999999999999674e-05,0.21
LA/USDT,0.11007,0.1103,0.1101675,4,"['Binance', 'Bybit', 'Gate', 'Bitget']",0.0002299999999999941,0.21
KSM/USD,4.86,4.87,4.865,2,"['Coinbase', 'Kraken']",0.009999999999999787,0.21
LTC/USDT,53.62461,53.74,53.71576833333333,6,"['Binance', 'OKX', 'Bybit', 'Kraken', 'Gate', 'Bitget']",0.11539000000000499,0.21
BTC/USD,76114.19,76274.8,76163.69875,8,"['OKX', 'Bybit', 'Coinbase', 'Bitfinex', 'Kraken', 'Gemini', 'Bitstamp', 'Crypto.com']",160.61000000000058,0.21
CC/USD,0.14933,0.14964,0.14948499999999998,2,"['OKX', 'Kraken']",0.0003100000000000047,0.21
FUN/USDT,0.05772,0.05784,0.05778,2,"['Gate', 'Bitget']",0.00012000000000000205,0.21
XION/USDT,0.1514,0.15172,0.15154,3,"['Bybit', 'Gate', 'Bitget']",0.00031999999999998696,0.21
PAXG/USD,4490.07,4499.45,4496.018333333333,6,"['OKX', 'Coinbase', 'Kraken', 'Gemini', 'Bitstamp', 'Crypto.com']",9.38000000000011,0.21
GALA/USD,0.003323,0.00333,0.0033265,2,"['OKX', 'Kraken']",7.000000000000062e-06,0.21
HYPER/USDT,0.11418,0.11442,0.11435000000000001,4,"['Binance', 'Bybit', 'Gate', 'Bitget']",0.00023999999999999022,0.21
WIN/USDT,1.898e-05,1.902e-05,1.9e-05,3,"['Binance', 'OKX', 'Bitget']",3.999999999999962e-08,0.21
ASTER/USD,0.647,0.64829,0.6478533333333334,3,"['Coinbase', 'Kraken', 'Bitstamp']",0.0012900000000000134,0.2
ICX/USDT,0.0352,0.03527,0.035218,5,"['Binance', 'OKX', 'Bybit', 'Gate', 'Bitget']",7.000000000000062e-05,0.2
BAND/USDT,0.202,0.2024,0.2022,4,"['Binance', 'OKX', 'Gate', 'Bitget']",0.0003999999999999837,0.2
RAD/USDT,0.302,0.3026,0.3023,2,"['Binance', 'Gate']",0.0005999999999999894,0.2
ZETA/USD,0.0495,0.0496,0.04953633333333333,3,"['Coinbase', 'Kraken', 'Crypto.com']",9.999999999999593e-05,0.2
ADA/USD,0.247,0.2475,0.24713166666666667,6,"['OKX', 'Coinbase', 'Bitfinex', 'Kraken', 'Bitstamp', 'Crypto.com']",0.0005000000000000004,0.2
KMNO/USD,0.01995,0.01999,0.01997,2,"['Coinbase', 'Kraken']",4.000000000000184e-05,0.2
KMNO/USDT,0.01987,0.01991,0.019898,5,"['Binance', 'OKX', 'Bybit', 'Gate', 'Bitget']",4.000000000000184e-05,0.2
ZIG/USDT,0.04429,0.04438,0.044326666666666674,3,"['Bybit', 'Gate', 'Bitget']",8.99999999999998e-05,0.2
VET/USDT,0.00666,0.0066732,0.00666504,5,"['Binance', 'Bybit', 'Gate', 'Bitget', 'Crypto.com']",1.319999999999967e-05,0.2
RARE/USDT,0.015668,0.0157,0.015684,2,"['Binance', 'Gate']",3.199999999999731e-05,0.2
SYN/USDT,0.0499,0.05,0.049966666666666666,3,"['Binance', 'Gate', 'Bitget']",0.00010000000000000286,0.2
ICNT/USDT,0.3184,0.319,0.3187,2,"['Gate', 'Bitget']",0.0005999999999999894,0.19
BIRB/USDT,0.13464,0.13489,0.1347866666666667,3,"['Bybit', 'Gate', 'Bitget']",0.0002500000000000002,0.19
ZAMA/USDT,0.02686,0.02691,0.026882800000000002,5,"['Binance', 'OKX', 'Bybit', 'Gate', 'Bitget']",5.000000000000143e-05,0.19
TRIA/USD,0.043925,0.04401,0.0439675,2,"['Coinbase', 'Kraken']",8.500000000000174e-05,0.19
POLYX/USDT,0.0535,0.0536,0.05356666666666667,3,"['Binance', 'Gate', 'Bitget']",0.00010000000000000286,0.19
CHIP/USDT,0.0476,0.04769,0.047635000000000004,4,"['Binance', 'OKX', 'Bybit', 'Gate']",8.99999999999998e-05,0.19
NEIRO/USDT,8.78e-05,8.797e-05,8.786666666666667e-05,3,"['Binance', 'OKX', 'Gate']",1.699999999999933e-07,0.19
SONIC/USDT,0.03685,0.03692,0.036893,4,"['OKX', 'Bybit', 'Gate', 'Bitget']",7.000000000000062e-05,0.19
HOLO/USDT,0.07866,0.07881,0.078725,4,"['Binance', 'Bybit', 'Gate', 'Bitget']",0.00015000000000001124,0.19
BNB/USD,635.623,636.84,636.45454,5,"['OKX', 'Coinbase', 'Kraken', 'Gemini', 'Bitstamp']",1.2169999999999845,0.19
KGEN/USDT,0.20079,0.20118,0.200985,2,"['Gate', 'Bitget']",0.00039000000000000146,0.19
ARK/USDT,0.1583,0.1586,0.15844999999999998,2,"['Binance', 'Gate']",0.0002999999999999947,0.19
US/USDT,0.005257,0.005267,0.005262,2,"['Gate', 'Bitget']",9.999999999999593e-06,0.19
ETC/USDT,8.807,8.823,8.811166666666667,6,"['Binance', 'OKX', 'Bybit', 'Gate', 'Bitget', 'Crypto.com']",0.016000000000000014,0.18
STG/USDT,0.1624,0.1627,0.1626,3,"['Binance', 'Gate', 'Bitget']",0.00030000000000002247,0.18
PRIME/USDT,0.3993,0.4,0.3995333333333333,3,"['Bybit', 'Gate', 'Bitget']",0.0007000000000000339,0.18
H/USDT,0.25778,0.25825,0.2579706666666666,3,"['Bybit', 'Gate', 'Bitget']",0.00046999999999997044,0.18
DRIFT/USDT,0.0284,0.02845,0.02841666666666667,3,"['Bybit', 'Gate', 'Bitget']",4.999999999999796e-05,0.18
MNT/USD,0.6241,0.6252,0.6246499999999999,2,"['Kraken', 'Bitstamp']",0.0010999999999999899,0.18
MINA/USD,0.0565,0.0566,0.05655,2,"['Coinbase', 'Kraken']",9.999999999999593e-05,0.18
BLUR/USDT,0.02192,0.02196,0.021943999999999998,5,"['Binance', 'OKX', 'Bybit', 'Gate', 'Bitget']",4.000000000000184e-05,0.18
ICP/USDT,2.501,2.5055,2.503083333333333,6,"['Binance', 'OKX', 'Bybit', 'Gate', 'Bitget', 'Crypto.com']",0.0045000000000001705,0.18
ORBS/USDT,0.008255,0.00827,0.008262499999999999,2,"['Gate', 'Bitget']",1.4999999999999389e-05,0.18
W/USD,0.01189,0.01191,0.011899,3,"['Coinbase', 'Kraken', 'Crypto.com']",2.000000000000092e-05,0.17
CRV/USDT,0.2315,0.2319,0.23163999999999998,5,"['Binance', 'OKX', 'Bybit', 'Gate', 'Bitget']",0.0003999999999999837,0.17
BIGTIME/USD,0.0119,0.01192,0.01191,2,"['Coinbase', 'Kraken']",1.9999999999999185e-05,0.17
SXT/USD,0.0117,0.01172,0.01171,2,"['Coinbase', 'Kraken']",1.9999999999999185e-05,0.17
POWR/USDT,0.06309,0.0632,0.063145,2,"['Binance', 'Gate']",0.00011000000000001287,0.17
ACS/USDT,0.0001744,0.0001747,0.00017455,2,"['Bybit', 'Gate']",2.999999999999802e-07,0.17
ACE/USDT,0.1179,0.1181,0.117975,4,"['Binance', 'OKX', 'Gate', 'Bitget']",0.00019999999999999185,0.17
ESP/USDT,0.06489,0.065,0.064945,2,"['Binance', 'Gate']",0.00010999999999999899,0.17
DIA/USDT,0.1766,0.1769,0.17675000000000002,2,"['Binance', 'Gate']",0.0002999999999999947,0.17
GRASS/USDT,0.2999,0.3004,0.300125,4,"['OKX', 'Bybit', 'Gate', 'Bitget']",0.0005000000000000004,0.17
BONK/USDT,5.87e-06,5.88e-06,5.8748e-06,5,"['Binance', 'OKX', 'Bybit', 'Gate', 'Bitget']",9.999999999999904e-09,0.17
RSR/USDT,0.001747,0.00175,0.00174825,4,"['Binance', 'OKX', 'Gate', 'Bitget']",2.9999999999999645e-06,0.17
CAT/USDT,1.793e-06,1.796e-06,1.7946666666666665e-06,3,"['OKX', 'Bybit', 'Gate']",3.0000000000000136e-09,0.17
IP/USD,0.476,0.4768,0.4764,2,"['Coinbase', 'Kraken']",0.0008000000000000229,0.17
ORDI/USDT,4.115,4.122,4.1178,5,"['Binance', 'OKX', 'Bybit', 'Gate', 'Bitget']",0.006999999999999673,0.17
CGN/USDT,0.002408,0.002412,0.00241,2,"['Gate', 'Bitget']",4.000000000000097e-06,0.17
SAHARA/USDT,0.03662,0.03668,0.036654,5,"['Binance', 'OKX', 'Bybit', 'Gate', 'Bitget']",5.9999999999997555e-05,0.16
F/USDT,0.005082,0.00509,0.005085333333333333,3,"['Binance', 'Bybit', 'Bitget']",8.000000000000194e-06,0.16
SIGN/USDT,0.01285,0.01287,0.01286,4,"['Binance', 'Bybit', 'Gate', 'Bitget']",1.9999999999999185e-05,0.16
MANTRA/USDT,0.00902,0.009034,0.009024666666666667,3,"['Binance', 'Bybit', 'Gate']",1.4000000000000123e-05,0.16
WIF/USD,0.1887,0.189,0.188846,5,"['Coinbase', 'Kraken', 'Gemini', 'Bitstamp', 'Crypto.com']",0.0002999999999999947,0.16
ENS/USD,6.14,6.15,6.145,2,"['Coinbase', 'Kraken']",0.010000000000000675,0.16
ZKP/USD,0.07427,0.07439,0.07433000000000001,2,"['Coinbase', 'Kraken']",0.00011999999999999511,0.16
GRT/USDT,0.02451,0.02455,0.02453,6,"['Binance', 'OKX', 'Bybit', 'Gate', 'Bitget', 'Crypto.com']",3.999999999999837e-05,0.16
KAIA/USDT,0.05032,0.0504,0.050351999999999994,5,"['Binance', 'OKX', 'Bybit', 'Gate', 'Bitget']",8.000000000000368e-05,0.16
UNI/USDT,3.4595,3.465,3.4620833333333336,6,"['Binance', 'OKX', 'Bybit', 'Gate', 'Bitget', 'Crypto.com']",0.00550000000000006,0.16
SKY/USDT,0.06838,0.06849,0.068436,5,"['Binance', 'OKX', 'Bybit', 'Gate', 'Bitget']",0.00010999999999999899,0.16
HNT/USDT,0.8047,0.806,0.8052666666666667,3,"['Bybit', 'Gate', 'Bitget']",0.0013000000000000789,0.16
CBK/USDT,0.2467,0.2471,0.24693333333333334,3,"['Bybit', 'Gate', 'Bitget']",0.0003999999999999837,0.16
XPL/USDT,0.08095,0.08108,0.081012,5,"['Binance', 'OKX', 'Bybit', 'Gate', 'Bitget']",0.0001300000000000051,0.16
OPEN/USDT,0.20551,0.20584,0.20571666666666666,3,"['Binance', 'Gate', 'Bitget']",0.00032999999999999696,0.16
IR/USDT,0.01818,0.01821,0.018195000000000003,2,"['Gate', 'Bitget']",2.9999999999998778e-05,0.16
APR/USD,0.1693,0.16956,0.16943,2,"['Coinbase', 'Kraken']",0.00025999999999998247,0.15
CRO/USDT,0.06869,0.06879,0.06875666666666667,3,"['OKX', 'Gate', 'Bitget']",0.00010000000000000286,0.15
AZTEC/USDT,0.01949,0.01952,0.019505,2,"['Bybit', 'Gate']",2.9999999999998778e-05,0.15
WAL/USDT,0.0672,0.0673,0.0672425,4,"['Binance', 'Bybit', 'Gate', 'Bitget']",0.00010000000000000286,0.15
SCRT/USDT,0.07898,0.0791,0.07905666666666666,3,"['Binance', 'Bybit', 'Gate']",0.00012000000000000899,0.15
STRK/USDT,0.0399,0.03996,0.039932,5,"['Binance', 'OKX', 'Bybit', 'Gate', 'Bitget']",6.0000000000004494e-05,0.15
CYBER/USDT,0.4729,0.4736,0.473125,4,"['Binance', 'Bybit', 'Gate', 'Bitget']",0.0007000000000000339,0.15
ESPORTS/USDT,0.70801,0.7091,0.708555,2,"['Gate', 'Bitget']",0.0010899999999999244,0.15
GENIUS/USDT,0.4275,0.42815,0.427825,2,"['Gate', 'Bitget']",0.0006499999999999839,0.15
COMP/USDT,22.995,23.03,23.015833333333333,6,"['Binance', 'OKX', 'Bybit', 'Gate', 'Bitget', 'Crypto.com']",0.03500000000000014,0.15
LAT/USDT,0.00129,0.001292,0.001291,2,"['OKX', 'Bitget']",2.0000000000000486e-06,0.15
AIOZ/USD,0.0668,0.0669,0.06684999999999999,2,"['Coinbase', 'Kraken']",0.00010000000000000286,0.15
FIDA/USD,0.01977,0.0198,0.019785,2,"['Coinbase', 'Kraken']",3.0000000000002247e-05,0.15
ZKP/USDT,0.07429,0.0744,0.07433,3,"['Binance', 'Bybit', 'Gate']",0.00010999999999999899,0.15
PRCL/USD,0.013,0.01302,0.01301,2,"['Coinbase', 'Kraken']",2.000000000000092e-05,0.15
FHE/USDT,0.0271,0.02714,0.02712666666666667,3,"['Bybit', 'Gate', 'Bitget']",4.000000000000184e-05,0.15
CETUS/USDT,0.026311,0.02635,0.02633775,4,"['Binance', 'OKX', 'Gate', 'Bitget']",3.899999999999737e-05,0.15
KSM/USDT,4.859,4.866,4.862,6,"['Binance', 'OKX', 'Bybit', 'Gate', 'Bitget', 'Crypto.com']",0.006999999999999673,0.14
SAROS/USDT,0.0006281,0.000629,0.0006285500000000001,2,"['Bybit', 'Gate']",8.999999999999677e-07,0.14
EUL/USDT,1.2393,1.241,1.24015,2,"['Binance', 'Gate']",0.0017000000000000348,0.14
AI/USD,0.03502,0.03507,0.035045,2,"['Coinbase', 'Kraken']",4.999999999999449e-05,0.14
INIT/USDT,0.0844,0.08452,0.08444,3,"['Binance', 'Bybit', 'Bitget']",0.00011999999999999511,0.14
LINK/USDT,9.47632,9.49,9.483617142857144,7,"['Binance', 'OKX', 'Bybit', 'Coinbase', 'Kraken', 'Gate', 'Bitget']",0.013680000000000803,0.14
CAKE/USDT,1.3951,1.397,1.3960249999999998,4,"['Binance', 'Bybit', 'Gate', 'Bitget']",0.0019000000000000128,0.14
SPX/USDT,0.3592,0.3597,0.35945000000000005,2,"['Bybit', 'Gate']",0.0005000000000000004,0.14
ZETA/USDT,0.04957,0.04964,0.0496,4,"['OKX', 'Bybit', 'Gate', 'Bitget']",6.999999999999368e-05,0.14
APT/USDT,0.931,0.9322,0.9317500000000001,6,"['Binance', 'OKX', 'Bybit', 'Gate', 'Bitget', 'Crypto.com']",0.0011999999999999789,0.13
NAVX/USDT,0.011195,0.01121,0.0112025,2,"['OKX', 'Bybit']",1.4999999999999389e-05,0.13
RON/USDT,0.11415,0.1143,0.11423666666666667,3,"['OKX', 'Gate', 'Bitget']",0.00014999999999999736,0.13
AUCTION/USDT,4.644,4.65,4.646,3,"['Binance', 'OKX', 'Bitget']",0.006000000000000227,0.13
LAVA/USDT,0.02374,0.02377,0.023755,2,"['Bybit', 'Gate']",2.9999999999998778e-05,0.13
OPG/USDT,0.239,0.2393,0.23915,2,"['Bybit', 'Gate']",0.00030000000000002247,0.13
MEGA/USDT,0.08259,0.0827,0.082642,5,"['Binance', 'OKX', 'Bybit', 'Gate', 'Bitget']",0.00010999999999999899,0.13
FLUID/USDT,1.559,1.561,1.5603333333333333,3,"['OKX', 'Bybit', 'Gate']",0.0020000000000000018,0.13
AGLD/USDT,0.232,0.2323,0.2321,4,"['Binance', 'OKX', 'Bybit', 'Bitget']",0.0002999999999999947,0.13
NPC/USDT,0.00692,0.006929,0.0069245,2,"['Gate', 'Bitget']",9.000000000000327e-06,0.13
ZK/USDT,0.01485,0.01487,0.014862,5,"['Binance', 'OKX', 'Bybit', 'Gate', 'Bitget']",1.9999999999999185e-05,0.13
SENT/USDT,0.01587,0.01589,0.015875800000000002,5,"['Binance', 'OKX', 'Bybit', 'Gate', 'Bitget']",2.0000000000002655e-05,0.13
SOMI/USDT,0.1576,0.1578,0.157675,4,"['Binance', 'Bybit', 'Gate', 'Bitget']",0.00020000000000000573,0.13
COW/USD,0.1632,0.1634,0.1633,2,"['Coinbase', 'Kraken']",0.00019999999999997797,0.12
AIOZ/USDT,0.0666,0.06668,0.06664,2,"['Bybit', 'Gate']",7.999999999999674e-05,0.12
CVX/USD,1.697,1.699,1.6978333333333335,3,"['Coinbase', 'Kraken', 'Crypto.com']",0.0020000000000000018,0.12
FOGO/USDT,0.01647,0.01649,0.016475999999999998,5,"['Binance', 'OKX', 'Bybit', 'Gate', 'Bitget']",2.0000000000002655e-05,0.12
AIN/USDT,0.081453,0.08155,0.0815015,2,"['Gate', 'Bitget']",9.699999999999986e-05,0.12
OKB/USDT,81.21,81.31,81.25999999999999,2,"['OKX', 'Gate']",0.10000000000000853,0.12
CHIP/USD,0.047603,0.04766,0.04762433333333333,3,"['Coinbase', 'Kraken', 'Bitstamp']",5.7000000000001494e-05,0.12
AKT/USD,0.7811,0.782,0.7814333333333333,3,"['Coinbase', 'Kraken', 'Crypto.com']",0.0009000000000000119,0.12
DOGE/USDT,0.10328,0.1034,0.103341625,8,"['Binance', 'OKX', 'Bybit', 'Coinbase', 'Kraken', 'Gate', 'Bitget', 'Crypto.com']",0.00012000000000000899,0.12
BTT/USDT,3.207e-07,3.211e-07,3.209e-07,3,"['Bybit', 'Gate', 'Bitget']",3.999999999999771e-10,0.12
HIPPO/USDT,0.0002437,0.000244,0.00024385,2,"['Gate', 'Bitget']",3.000000000000073e-07,0.12
VINE/USDT,0.01698,0.017,0.016989999999999998,2,"['OKX', 'Gate']",2.0000000000002655e-05,0.12
FIL/USDT,0.9379,0.939,0.9382666666666667,6,"['Binance', 'OKX', 'Bybit', 'Gate', 'Bitget', 'Crypto.com']",0.0010999999999999899,0.12
KAT/USD,0.00807,0.00808,0.008075,2,"['Coinbase', 'Kraken']",9.999999999999593e-06,0.12
AERO/USDT,0.4057,0.4062,0.4059,3,"['Bybit', 'Gate', 'Bitget']",0.0005000000000000004,0.12
WLFI/USD,0.05996,0.06003,0.059995,4,"['OKX', 'Coinbase', 'Kraken', 'Bitstamp']",7.000000000000062e-05,0.12
COW/USDT,0.1634,0.1636,0.1635,3,"['Binance', 'Gate', 'Bitget']",0.00020000000000000573,0.12
SOL/USD,83.9,83.99,83.9315,6,"['OKX', 'Coinbase', 'Bitfinex', 'Kraken', 'Gemini', 'Bitstamp']",0.0899999999999892,0.11
STABLE/USDT,0.03513,0.03517,0.035146000000000004,3,"['Bybit', 'Gate', 'Bitget']",3.999999999999837e-05,0.11
ASTER/USDT,0.649,0.6497,0.64932,5,"['Binance', 'OKX', 'Bybit', 'Gate', 'Bitget']",0.0007000000000000339,0.11
BIO/USD,0.03503,0.03507,0.03505,2,"['Coinbase', 'Kraken']",3.999999999999837e-05,0.11
MBL/USDT,0.000924,0.000925,0.0009245,2,"['Binance', 'Gate']",1.0000000000000243e-06,0.11
CC/USDT,0.1491,0.14926,0.149192,5,"['OKX', 'Bybit', 'Kraken', 'Gate', 'Bitget']",0.00015999999999999348,0.11
XRP/USD,1.3638,1.3653,1.3642528571428572,7,"['OKX', 'Coinbase', 'Bitfinex', 'Kraken', 'Gemini', 'Bitstamp', 'Crypto.com']",0.0015000000000000568,0.11
ZEREBRO/USDT,0.023367,0.02339,0.0233785,2,"['Bybit', 'Gate']",2.3000000000002185e-05,0.1
KITE/USDT,0.23113,0.23136,0.2312125,4,"['Binance', 'OKX', 'Gate', 'Bitget']",0.00023000000000000798,0.1
ONDO/USD,0.3609,0.36127,0.3610225,4,"['OKX', 'Coinbase', 'Kraken', 'Bitstamp']",0.00036999999999998145,0.1
IOST/USDT,0.001046,0.001047,0.0010465000000000001,4,"['Binance', 'OKX', 'Gate', 'Bitget']",9.999999999999159e-07,0.1
BABY/USDT,0.01579,0.015806,0.015799,4,"['Binance', 'OKX', 'Gate', 'Bitget']",1.6000000000002124e-05,0.1
TRUMP/USDT,2.025,2.027,2.0256,5,"['Binance', 'OKX', 'Bybit', 'Gate', 'Bitget']",0.002000000000000224,0.1
CHEEMS/USDT,5.787e-07,5.793e-07,5.79e-07,2,"['Gate', 'Bitget']",6.000000000000451e-10,0.1
SUN/USDT,0.01969,0.01971,0.0197,4,"['Binance', 'Bybit', 'Gate', 'Bitget']",1.9999999999999185e-05,0.1
SKR/USD,0.01434,0.014355,0.0143475,2,"['Coinbase', 'Kraken']",1.4999999999999389e-05,0.1
SUI/USDT,1.0535,1.0544,1.0540116666666668,6,"['Binance', 'OKX', 'Bybit', 'Gate', 'Bitget', 'Crypto.com']",0.0008999999999999009,0.09
PEAQ/USDT,0.0254,0.025422,0.025411,2,"['Gate', 'Bitget']",2.2000000000001185e-05,0.09
SPACE/USDT,0.008482,0.00849,0.008486,2,"['OKX', 'Bitget']",7.999999999999327e-06,0.09
PLUME/USD,0.01158,0.01159,0.011585,2,"['Coinbase', 'Kraken']",9.999999999999593e-06,0.09
ALLO/USDT,0.08622,0.0863,0.0862675,4,"['Binance', 'OKX', 'Gate', 'Bitget']",7.999999999999674e-05,0.09
RENDER/USDT,1.793,1.7946,1.7935199999999998,5,"['Binance', 'OKX', 'Bybit', 'Gate', 'Bitget']",0.0016000000000000458,0.09
REQ/USDT,0.0665,0.06656,0.06653,2,"['Binance', 'Gate']",5.9999999999990616e-05,0.09
JST/USDT,0.09064,0.09072,0.0906875,4,"['Binance', 'Bybit', 'Gate', 'Bitget']",7.999999999999674e-05,0.09
TFUEL/USDT,0.01069,0.0107,0.010695,2,"['Binance', 'Gate']",9.999999999999593e-06,0.09
ALEO/USD,0.04386,0.0439,0.04388,2,"['Coinbase', 'Kraken']",3.999999999999837e-05,0.09
XDC/USDT,0.03261,0.03264,0.03263,3,"['Bybit', 'Gate', 'Bitget']",3.0000000000002247e-05,0.09
ALCH/USDT,0.0805,0.08057,0.080535,2,"['Bybit', 'Gate']",7.000000000000062e-05,0.09
SC/USDT,0.000917,0.0009177,0.0009174666666666667,3,"['Binance', 'Bybit', 'Gate']",7.000000000000712e-07,0.08
EDGE/USD,1.2855,1.28655,1.286025,2,"['Coinbase', 'Kraken']",0.0010499999999999954,0.08
BOBA/USDT,0.02544,0.02546,0.02545,2,"['Bybit', 'Gate']",1.9999999999999185e-05,0.08
WLD/USDT,0.2392,0.2394,0.23933333333333331,6,"['Binance', 'OKX', 'Bybit', 'Gate', 'Bitget', 'Crypto.com']",0.00020000000000000573,0.08
BASED/USDT,0.07181,0.07187,0.07184,2,"['OKX', 'Bybit']",6.0000000000004494e-05,0.08
PIRATE/USDT,0.003918,0.003921,0.003919499999999999,2,"['Bybit', 'Gate']",3.000000000000398e-06,0.08
ZEC/USDT,554.25,554.71,554.4975,4,"['Binance', 'OKX', 'Gate', 'Bitget']",0.4600000000000364,0.08
ZRO/USDT,1.317,1.318,1.3174,5,"['Binance', 'OKX', 'Bybit', 'Gate', 'Bitget']",0.001000000000000112,0.08
ONDO/USDT,0.361,0.3613,0.36118,5,"['Binance', 'OKX', 'Bybit', 'Gate', 'Bitget']",0.00030000000000002247,0.08
ETHFI/USDT,0.372,0.3723,0.37212,5,"['Binance', 'OKX', 'Bybit', 'Gate', 'Bitget']",0.00030000000000002247,0.08
EDGE/USDT,1.2845,1.2855,1.285025,4,"['OKX', 'Bybit', 'Gate', 'Bitget']",0.001000000000000112,0.08
MON/USDT,0.02612,0.02614,0.0261275,4,"['OKX', 'Bybit', 'Gate', 'Bitget']",1.9999999999999185e-05,0.08
SAPIEN/USDT,0.10314,0.10322,0.10318,2,"['Gate', 'Bitget']",8.000000000001062e-05,0.08
XMR/USD,391.33,391.63,391.48,2,"['Bitfinex', 'Kraken']",0.30000000000001137,0.08
ADX/USDT,0.06675,0.0668,0.066775,2,"['Binance', 'Gate']",4.999999999999449e-05,0.07
ZBT/USDT,0.1491,0.1492,0.149155,4,"['Binance', 'Bybit', 'Gate', 'Bitget']",9.999999999998899e-05,0.07
BMT/USDT,0.01527,0.01528,0.0152775,4,"['Binance', 'Bybit', 'Gate', 'Bitget']",9.999999999999593e-06,0.07
ALT/USDT,0.0067,0.006705,0.0067015,4,"['Binance', 'Bybit', 'Gate', 'Bitget']",4.999999999999796e-06,0.07
SWEAT/USDT,0.0012013,0.0012022,0.0012017500000000001,2,"['Gate', 'Bitget']",9.000000000000761e-07,0.07
ETH/USD,2097.25,2098.81,2097.9425,8,"['OKX', 'Bybit', 'Coinbase', 'Bitfinex', 'Kraken', 'Gemini', 'Bitstamp', 'Crypto.com']",1.5599999999999454,0.07
GRASS/USD,0.2982,0.2984,0.2983,2,"['OKX', 'Kraken']",0.00019999999999997797,0.07
ALEO/USDT,0.04389,0.04392,0.043905,2,"['Kraken', 'Gate']",3.0000000000002247e-05,0.07
HFT/USDT,0.0139,0.01391,0.0139075,4,"['Binance', 'Bybit', 'Gate', 'Bitget']",1.0000000000001327e-05,0.07
TAC/USDT,0.019056,0.01907,0.019063,2,"['Bybit', 'Bitget']",1.4000000000000123e-05,0.07
NIGHT/USD,0.03128,0.0313,0.03129,2,"['OKX', 'Kraken']",1.9999999999999185e-05,0.06
Q/USDT,0.0213915,0.021405,0.02139825,2,"['Gate', 'Bitget']",1.3499999999999623e-05,0.06
TRX/USDT,0.3546,0.3548,0.35469,5,"['Binance', 'OKX', 'Bybit', 'Gate', 'Bitget']",0.00019999999999997797,0.06
RENDER/USD,1.791,1.792,1.7915,2,"['Coinbase', 'Kraken']",0.001000000000000112,0.06
ARB/USDT,0.11465,0.11472,0.11469599999999999,5,"['Binance', 'OKX', 'Bybit', 'Gate', 'Bitget']",7.000000000000062e-05,0.06
PUMP/USDT,0.001672,0.001673,0.0016722,5,"['Binance', 'OKX', 'Bybit', 'Gate', 'Bitget']",9.999999999999159e-07,0.06
FARTCOIN/USD,0.1817,0.1818,0.18175,2,"['Coinbase', 'Kraken']",9.999999999998899e-05,0.06
DEEP/USDT,0.03267,0.03269,0.032676666666666666,3,"['Bybit', 'Gate', 'Bitget']",1.9999999999999185e-05,0.06
OPN/USDT,0.1688,0.1689,0.168825,4,"['Binance', 'Bybit', 'Gate', 'Bitget']",9.999999999998899e-05,0.06
SAPIEN/USD,0.10302,0.10308,0.10305,2,"['Coinbase', 'Kraken']",6.0000000000004494e-05,0.06
FLR/USDT,0.008226,0.00823,0.008227666666666666,3,"['OKX', 'Bybit', 'Gate']",3.999999999998796e-06,0.05
SOSO/USDT,0.373,0.3732,0.3731,2,"['Bybit', 'Gate']",0.00019999999999997797,0.05
NYM/USD,0.02111,0.02112,0.021115000000000002,2,"['Bitfinex', 'Kraken']",9.999999999999593e-06,0.05
GMX/USD,6.597,6.6,6.5985,2,"['OKX', 'Kraken']",0.0029999999999992255,0.05
S/USD,0.04388,0.0439,0.04389,2,"['Coinbase', 'Kraken']",1.9999999999999185e-05,0.05
ETH/USDT,2098.8,2099.8,2099.472222222222,9,"['Binance', 'OKX', 'Bybit', 'Coinbase', 'Kraken', 'Gate', 'Bitget', 'Bitstamp', 'Crypto.com']",1.0,0.05
VSN/USDT,0.04657,0.04659,0.046579999999999996,2,"['Gate', 'Bitget']",1.9999999999999185e-05,0.04
TRIA/USDT,0.04401,0.044026,0.044018,2,"['Bybit', 'Bitget']",1.6000000000002124e-05,0.04
SENT/USD,0.01587,0.015876,0.015872999999999998,2,"['Coinbase', 'Kraken']",6.000000000002531e-06,0.04
PAXG/USDT,4499.05,4501.0,4499.812,5,"['Binance', 'OKX', 'Gate', 'Bitget', 'Crypto.com']",1.949999999999818,0.04
IP/USDT,0.4766,0.4768,0.476685,4,"['OKX', 'Bybit', 'Gate', 'Bitget']",0.00019999999999997797,0.04
HNT/USD,0.806,0.8063,0.80615,2,"['Coinbase', 'Kraken']",0.00029999999999996696,0.04
AURORA/USDT,0.02642,0.02643,0.026424999999999997,2,"['Bybit', 'Gate']",9.999999999999593e-06,0.04
SOL/USDT,83.98,84.01,83.99375,8,"['Binance', 'OKX', 'Bybit', 'Coinbase', 'Kraken', 'Gate', 'Bitget', 'Crypto.com']",0.030000000000001137,0.04
MLN/USD,2.3,2.301,2.3005,2,"['Coinbase', 'Kraken']",0.001000000000000334,0.04
PRL/USDT,0.2001,0.20018,0.20013999999999998,2,"['Gate', 'Bitget']",7.999999999999674e-05,0.04
RLS/USDT,0.00471,0.004712,0.004711,2,"['Gate', 'Bitget']",2.0000000000002655e-06,0.04
USDE/USDT,1.0003,1.0007,1.0005,3,"['Binance', 'Kraken', 'Bitget']",0.00039999999999995595,0.04
TAO/USDT,256.2,256.3,256.23333333333335,3,"['Binance', 'Gate', 'Bitget']",0.10000000000002274,0.04
PONKE/USDT,0.03713,0.03714,0.037135,2,"['Bybit', 'Gate']",9.999999999996123e-06,0.03
USDT/USD,0.99911,0.9994,0.9992175,4,"['OKX', 'Bybit', 'Coinbase', 'Gemini']",0.00028999999999990145,0.03
TRUST/USD,0.06625,0.06627,0.06626,2,"['Coinbase', 'Kraken']",1.9999999999992246e-05,0.03
ICNT/USD,0.3188,0.3189,0.31884999999999997,2,"['Coinbase', 'Kraken']",0.0001000000000000445,0.03
PROS/USDT,0.6085,0.6087,0.6086,2,"['OKX', 'Bitget']",0.00019999999999997797,0.03
CORE/USDT,0.03591,0.03592,0.035916666666666666,3,"['OKX', 'Bybit', 'Gate']",1.0000000000003062e-05,0.03
BIO/USDT,0.03509,0.0351,0.035095,4,"['Binance', 'OKX', 'Gate', 'Bitget']",9.999999999996123e-06,0.03
FLOCK/USDT,0.067,0.06702,0.06701333333333333,3,"['Bybit', 'Gate', 'Bitget']",1.9999999999992246e-05,0.03
SWARMS/USDT,0.01268,0.012684,0.012682,2,"['Gate', 'Bitget']",4.000000000000531e-06,0.03
CVC/USD,0.02989,0.0299,0.029894999999999998,2,"['Coinbase', 'Kraken']",9.999999999999593e-06,0.03
RLUSD/USDT,1.0006,1.0009,1.0007,4,"['Binance', 'OKX', 'Bybit', 'Bitget']",0.00029999999999996696,0.03
XAUT/USDT,4495.0,4496.2,4495.62,5,"['OKX', 'Bybit', 'Kraken', 'Gate', 'Bitget']",1.199999999999818,0.03
PROMPT/USDT,0.03147,0.03148,0.03147333333333333,3,"['OKX', 'Gate', 'Bitget']",1.0000000000003062e-05,0.03
KERNEL/USD,0.06538,0.0654,0.06539,2,"['Coinbase', 'Kraken']",2.0000000000006124e-05,0.03
BLAST/USDT,0.0004465,0.0004466,0.00044655,2,"['Bybit', 'Gate']",1.0000000000000243e-07,0.02
HYPE/USDT,47.65,47.66,47.655499999999996,4,"['OKX', 'Bybit', 'Gate', 'Bitget']",0.00999999999999801,0.02
WAXP/USDT,0.006339,0.00634,0.0063395,2,"['Binance', 'OKX']",1.0000000000001327e-06,0.02
PYUSD/USDT,1.0003,1.0005,1.0004,2,"['OKX', 'Gate']",0.00019999999999997797,0.02
CLANKER/USDT,23.676,23.68,23.677999999999997,2,"['Gate', 'Bitget']",0.004000000000001336,0.02
BILL/USDT,0.11568,0.115703,0.1156915,2,"['Bybit', 'Bitget']",2.2999999999995246e-05,0.02
VVV/USDT,14.655,14.6585,14.656749999999999,2,"['Bybit', 'Gate']",0.0035000000000007248,0.02
SOON/USDT,0.15927,0.1593,0.159285,2,"['Gate', 'Bitget']",3.0000000000002247e-05,0.02
INJ/USDT,4.88,4.881,4.880599999999999,5,"['Binance', 'OKX', 'Bybit', 'Gate', 'Bitget']",0.001000000000000334,0.02
ALLO/USD,0.08618,0.0862,0.08619,2,"['OKX', 'Coinbase']",1.9999999999992246e-05,0.02
AAVE/USDT,87.94,87.96,87.95083333333332,6,"['Binance', 'OKX', 'Bybit', 'Gate', 'Bitget', 'Crypto.com']",0.01999999999999602,0.02
SUNDOG/USDT,0.006348,0.006349,0.0063485,2,"['Bybit', 'Gate']",9.999999999992654e-07,0.02
USDS/USDT,0.9999,1.0,0.9999666666666668,3,"['Bybit', 'Gate', 'Bitget']",9.999999999998899e-05,0.01
EUR/USD,1.15956,1.15962,1.1595900000000001,2,"['Kraken', 'Bitstamp']",6.000000000017103e-05,0.01
EUR/USDT,1.1605,1.16063,1.160565,2,"['Binance', 'Crypto.com']",0.00012999999999996348,0.01
AKT/USDT,0.7812,0.7813,0.78125,2,"['Gate', 'Crypto.com']",9.999999999998899e-05,0.01
USAT/USDT,1.0,1.0001,1.0000499999999999,2,"['OKX', 'Gate']",9.999999999998899e-05,0.01
VVV/USD,14.6526,14.654,14.6533,2,"['Coinbase', 'Kraken']",0.00140000000000029,0.01
DOG/USDT,0.000705,0.0007051,0.00070505,2,"['Gate', 'Bitget']",9.999999999994822e-08,0.01
TAO/USD,255.9259,255.96,255.94295,2,"['Coinbase', 'Kraken']",0.034099999999995134,0.01
VFY/USD,0.00861,0.00861,0.00861,1,['Kraken'],0.0,0.0
SAHARA/KRW,0.0362,0.0362,0.0362,1,['Upbit'],0.0,0.0
WMTX/USDT,0.05502,0.05502,0.05502,1,['Gate'],0.0,0.0
SCOR/USD,0.01996,0.01996,0.01996,1,['Kraken'],0.0,0.0
WAL/USD,0.06706,0.06706,0.06706,1,['Kraken'],0.0,0.0
USUAL/USD,0.01357,0.01357,0.01357,1,['Kraken'],0.0,0.0
WCT/KRW,0.0596,0.0596,0.0596,1,['Upbit'],0.0,0.0
ZRO/KRW,1.3,1.3,1.3,1,['Upbit'],0.0,0.0
SKR/KRW,0.0142,0.0142,0.0142,1,['Upbit'],0.0,0.0
WARD/USD,0.01783,0.01783,0.01783,1,['Kraken'],0.0,0.0
USELESS/USDT,0.05733,0.05733,0.05733,1,['Gate'],0.0,0.0
WLD/KRW,0.2363,0.2363,0.2363,1,['Upbit'],0.0,0.0
SC/USD,0.000916,0.000916,0.000916,1,['Kraken'],0.0,0.0
SC/KRW,0.0009,0.0009,0.0009,1,['Upbit'],0.0,0.0
WAVES/KRW,0.3778,0.3778,0.3778,1,['Upbit'],0.0,0.0
WAXL/USDT,0.05922,0.05922,0.05922,1,['Gate'],0.0,0.0
SATS/USD,1.318e-08,1.318e-08,1.318e-08,1,['OKX'],0.0,0.0
WAXP/KRW,0.0062,0.0062,0.0062,1,['Upbit'],0.0,0.0
WELL/USDT,0.003953,0.003953,0.003953,1,['Gate'],0.0,0.0
WBT/USD,56.32,56.32,56.32,1,['Kraken'],0.0,0.0
VANA/KRW,1.4709,1.4709,1.4709,1,['Upbit'],0.0,0.0
SCOR/USDT,0.01996,0.01996,0.01996,1,['Bybit'],0.0,0.0
WMTX/USD,0.05487,0.05487,0.05487,1,['Kraken'],0.0,0.0
ZRC/USD,0.001464,0.001464,0.001464,1,['Kraken'],0.0,0.0
VET/KRW,0.0066,0.0066,0.0066,1,['Upbit'],0.0,0.0
SENT/KRW,0.0157,0.0157,0.0157,1,['Upbit'],0.0,0.0
VIRTUAL/KRW,0.6913,0.6913,0.6913,1,['Upbit'],0.0,0.0
VSN/USD,0.04643,0.04643,0.04643,1,['Kraken'],0.0,0.0
ZORA/KRW,0.0105,0.0105,0.0105,1,['Upbit'],0.0,0.0
VTHO/USD,0.000516,0.000516,0.000516,1,['Coinbase'],0.0,0.0
SEI/KRW,0.0592,0.0592,0.0592,1,['Upbit'],0.0,0.0
VVV/KRW,14.4535,14.4535,14.4535,1,['Upbit'],0.0,0.0
SD/USD,0.1476,0.1476,0.1476,1,['Coinbase'],0.0,0.0
WLFI/KRW,0.0594,0.0594,0.0594,1,['Upbit'],0.0,0.0
WELL/USD,0.003943,0.003943,0.003943,1,['Coinbase'],0.0,0.0
WCT/USD,0.0603,0.0603,0.0603,1,['Coinbase'],0.0,0.0
SAND/KRW,0.0695,0.0695,0.0695,1,['Upbit'],0.0,0.0
W/KRW,0.0117,0.0117,0.0117,1,['Upbit'],0.0,0.0
WIF/KRW,0.1866,0.1866,0.1866,1,['Upbit'],0.0,0.0
SIGN/KRW,0.0127,0.0127,0.0127,1,['Upbit'],0.0,0.0
WET/USD,0.0782,0.0782,0.0782,1,['Coinbase'],0.0,0.0
VANRY/USD,0.00506,0.00506,0.00506,1,['Kraken'],0.0,0.0
SCRT/USD,0.0792,0.0792,0.0792,1,['Kraken'],0.0,0.0
VTHO/KRW,0.0005,0.0005,0.0005,1,['Upbit'],0.0,0.0
SUKU/USDT,0.007913,0.007913,0.007913,1,['Gate'],0.0,0.0
USDT/KRW,0.9875,0.9875,0.9875,1,['Upbit'],0.0,0.0
SLP/USD,0.0006406,0.0006406,0.0006406,1,['Crypto.com'],0.0,0.0
STEEM/KRW,0.0539,0.0539,0.0539,1,['Upbit'],0.0,0.0
TAO/KRW,253.2416,253.2416,253.2416,1,['Upbit'],0.0,0.0
TEL/USD,0.002891,0.002891,0.002891,1,['Kraken'],0.0,0.0
ZETA/KRW,0.049,0.049,0.049,1,['Upbit'],0.0,0.0
TEL/USDT,0.002862,0.002862,0.002862,1,['Bybit'],0.0,0.0
THETA/KRW,0.1972,0.1972,0.1972,1,['Upbit'],0.0,0.0
SSV/USD,2.503,2.503,2.503,1,['Kraken'],0.0,0.0
XRP/KRW,1.3482,1.3482,1.3482,1,['Upbit'],0.0,0.0
THQ/USDT,0.02123,0.02123,0.02123,1,['Gate'],0.0,0.0
SQD/USD,0.0377,0.0377,0.0377,1,['Coinbase'],0.0,0.0
TIA/KRW,0.3872,0.3872,0.3872,1,['Upbit'],0.0,0.0
TLM/USD,0.001783,0.001783,0.001783,1,['Kraken'],0.0,0.0
ZEUS/USD,0.00508,0.00508,0.00508,1,['Kraken'],0.0,0.0
XPL/KRW,0.0801,0.0801,0.0801,1,['Upbit'],0.0,0.0
TOSHI/KRW,0.0002,0.0002,0.0002,1,['Upbit'],0.0,0.0
TOSHI/USD,0.000169,0.000169,0.000169,2,"['Coinbase', 'Kraken']",0.0,0.0
XMR/USDT,392.09,392.09,392.09,1,['Kraken'],0.0,0.0
TOWNS/USD,0.0034,0.0034,0.0034,1,['Coinbase'],0.0,0.0
SPK/KRW,0.0277,0.0277,0.0277,1,['Upbit'],0.0,0.0
TAIKO/USDT,0.1059,0.1059,0.1059,3,"['Bybit', 'Gate', 'Bitget']",0.0,0.0
TAIKO/KRW,0.1047,0.1047,0.1047,1,['Upbit'],0.0,0.0
XTZ/KRW,0.3303,0.3303,0.3303,1,['Upbit'],0.0,0.0
ZEN/USD,5.963,5.963,5.963,1,['Coinbase'],0.0,0.0
ZBT/KRW,0.1476,0.1476,0.1476,1,['Upbit'],0.0,0.0
SUI/KRW,1.0398,1.0398,1.0398,1,['Upbit'],0.0,0.0
SUNDOG/USD,0.00618,0.00618,0.00618,1,['Kraken'],0.0,0.0
ZBT/USD,0.15008,0.15008,0.15008,1,['Kraken'],0.0,0.0
SUPER/KRW,0.1079,0.1079,0.1079,1,['Upbit'],0.0,0.0
ZBCN/USD,0.002998,0.002998,0.002998,1,['Kraken'],0.0,0.0
STX/KRW,0.2284,0.2284,0.2284,1,['Upbit'],0.0,0.0
ZAMA/USD,0.02688,0.02688,0.02688,1,['Coinbase'],0.0,0.0
SWEAT/USD,0.001202,0.001202,0.001202,1,['Kraken'],0.0,0.0
T/USD,0.00532,0.00532,0.00532,1,['Coinbase'],0.0,0.0
ZAMA/KRW,0.0266,0.0266,0.0266,1,['Upbit'],0.0,0.0
YGG/KRW,0.0359,0.0359,0.0359,1,['Upbit'],0.0,0.0
SWFTC/USD,0.003378,0.003378,0.003378,1,['Coinbase'],0.0,0.0
ZEREBRO/USD,0.02333,0.02333,0.02333,1,['Kraken'],0.0,0.0
YB/USD,0.103,0.103,0.103,1,['Coinbase'],0.0,0.0
STORJ/KRW,0.1158,0.1158,0.1158,1,['Upbit'],0.0,0.0
SYRUP/KRW,0.2105,0.2105,0.2105,1,['Upbit'],0.0,0.0
T/KRW,0.0053,0.0053,0.0053,1,['Upbit'],0.0,0.0
ZEX/USD,0.02287,0.02287,0.02287,1,['Kraken'],0.0,0.0
TRAC/KRW,0.3693,0.3693,0.3693,1,['Upbit'],0.0,0.0
TRAC/USDT,0.3729,0.3729,0.3729,1,['Gate'],0.0,0.0
UP/USDT,0.1195,0.1195,0.1195,1,['Bitget'],0.0,0.0
SOMI/KRW,0.1549,0.1549,0.1549,1,['Upbit'],0.0,0.0
SAGA/USD,0.02102,0.02102,0.02102,1,['Kraken'],0.0,0.0
SOLV/USD,0.00426,0.00426,0.00426,1,['Kraken'],0.0,0.0
UMXM/USDT,1.63032,1.63032,1.63032,1,['Bitget'],0.0,0.0
XCN/USD,0.00478,0.00478,0.00478,2,"['Coinbase', 'Kraken']",0.0,0.0
UNI/KRW,3.412,3.412,3.412,1,['Upbit'],0.0,0.0
SOL/KRW,82.9324,82.9324,82.9324,1,['Upbit'],0.0,0.0
XAUT/USD,4492.1,4492.1,4492.1,1,['Kraken'],0.0,0.0
USAT/USD,1.0002,1.0002,1.0002,1,['Bitfinex'],0.0,0.0
SOMI/USD,0.1578,0.1578,0.1578,1,['Kraken'],0.0,0.0
ZKP/KRW,0.0742,0.0742,0.0742,1,['Upbit'],0.0,0.0
XAUT/KRW,4437.8581,4437.8581,4437.8581,1,['Upbit'],0.0,0.0
SNEK/USDT,0.0005266,0.0005266,0.0005266,1,['Gate'],0.0,0.0
USDC/KRW,0.9882,0.9882,0.9882,1,['Upbit'],0.0,0.0
USDE/KRW,0.9869,0.9869,0.9869,1,['Upbit'],0.0,0.0
USDG/USDT,1.0006,1.0006,1.0006,1,['OKX'],0.0,0.0
USDS/USD,0.9999,0.9999,0.9999,1,['Coinbase'],0.0,0.0
SNEK/USD,0.000526,0.000526,0.000526,1,['Kraken'],0.0,0.0
UAI/USD,0.23317,0.23317,0.23317,1,['Kraken'],0.0,0.0
U/USDT,0.0005926,0.0005926,0.0005926,1,['Bybit'],0.0,0.0
TRB/USD,16.99,16.99,16.99,1,['Coinbase'],0.0,0.0
SOON/USD,0.159,0.159,0.159,1,['Kraken'],0.0,0.0
ZIG/USD,0.04442,0.04442,0.04442,1,['Kraken'],0.0,0.0
TREE/KRW,0.0602,0.0602,0.0602,1,['Upbit'],0.0,0.0
SOSO/USD,0.3726,0.3726,0.3726,1,['Kraken'],0.0,0.0
TRUMP/KRW,2.0016,2.0016,2.0016,1,['Upbit'],0.0,0.0
ZIL/KRW,0.0038,0.0038,0.0038,1,['Upbit'],0.0,0.0
SOPH/KRW,0.0075,0.0075,0.0075,1,['Upbit'],0.0,0.0
TRUST/KRW,0.0656,0.0656,0.0656,1,['Upbit'],0.0,0.0
ZIL/USD,0.003885,0.003885,0.003885,1,['Crypto.com'],0.0,0.0
XLM/KRW,0.1423,0.1423,0.1423,1,['Upbit'],0.0,0.0
U/USD,0.000593,0.000593,0.000593,1,['Kraken'],0.0,0.0
ZK/KRW,0.0147,0.0147,0.0147,1,['Upbit'],0.0,0.0
TRX/KRW,0.3508,0.3508,0.3508,1,['Upbit'],0.0,0.0
SOON/KRW,0.1569,0.1569,0.1569,1,['Upbit'],0.0,0.0
TX/USD,0.00817,0.00817,0.00817,1,['Kraken'],0.0,0.0
SONIC/KRW,0.0363,0.0363,0.0363,1,['Upbit'],0.0,0.0
XION/USD,0.1512,0.1512,0.1512,1,['Kraken'],0.0,0.0
ZKC/USD,0.0671,0.0671,0.0671,1,['Coinbase'],0.0,0.0
TX/USDT,0.008115,0.008115,0.008115,1,['Gate'],0.0,0.0
WET/KRW,0.0775,0.0775,0.0775,1,['Upbit'],0.0,0.0
A/KRW,0.0788,0.0788,0.0788,1,['Upbit'],0.0,0.0
SAFE/USD,0.1366,0.1366,0.1366,1,['Coinbase'],0.0,0.0
ELA/USD,0.445,0.445,0.445,1,['Coinbase'],0.0,0.0
DRIFT/KRW,0.0426,0.0426,0.0426,1,['Upbit'],0.0,0.0
DYDX/USD,0.1414,0.1414,0.1414,1,['Kraken'],0.0,0.0
DYM/USD,0.0245,0.0245,0.0245,1,['Kraken'],0.0,0.0
DYM/USDT,0.0243,0.0243,0.0243,4,"['Binance', 'Bybit', 'Gate', 'Bitget']",0.0,0.0
EAT/USD,0.02078,0.02078,0.02078,1,['Kraken'],0.0,0.0
EAT/USDT,0.02077,0.02077,0.02077,1,['Bybit'],0.0,0.0
EDGE/KRW,0.094,0.094,0.094,1,['Upbit'],0.0,0.0
EGLD/KRW,3.8158,3.8158,3.8158,1,['Upbit'],0.0,0.0
ELA/USDT,0.4439,0.4439,0.4439,1,['Gate'],0.0,0.0
DOOD/USD,0.002691,0.002691,0.002691,1,['Coinbase'],0.0,0.0
ELF/USDT,0.07516,0.07516,0.07516,1,['OKX'],0.0,0.0
ELIZAOS/USD,0.000931,0.000931,0.000931,1,['Kraken'],0.0,0.0
ELSA/KRW,0.0639,0.0639,0.0639,1,['Upbit'],0.0,0.0
ELSA/USD,0.0645,0.0645,0.0645,1,['Coinbase'],0.0,0.0
ENA/KRW,0.1012,0.1012,0.1012,1,['Upbit'],0.0,0.0
ENS/KRW,6.0667,6.0667,6.0667,1,['Upbit'],0.0,0.0
ENSO/KRW,0.7899,0.7899,0.7899,1,['Upbit'],0.0,0.0
ERA/KRW,0.1225,0.1225,0.1225,1,['Upbit'],0.0,0.0
DOT/KRW,1.2152,1.2152,1.2152,1,['Upbit'],0.0,0.0
DOOD/KRW,0.0027,0.0027,0.0027,1,['Upbit'],0.0,0.0
CHIP/KRW,0.0471,0.0471,0.0471,1,['Upbit'],0.0,0.0
CTC/KRW,0.1363,0.1363,0.1363,1,['Upbit'],0.0,0.0
CKB/KRW,0.0014,0.0014,0.0014,1,['Upbit'],0.0,0.0
CLANKER/USD,23.66,23.66,23.66,1,['Coinbase'],0.0,0.0
COMP/KRW,22.7005,22.7005,22.7005,1,['Upbit'],0.0,0.0
COW/KRW,0.1615,0.1615,0.1615,1,['Upbit'],0.0,0.0
CPOOL/KRW,0.0292,0.0292,0.0292,1,['Upbit'],0.0,0.0
CPOOL/USD,0.02951,0.02951,0.02951,1,['Kraken'],0.0,0.0
CRO/KRW,0.0682,0.0682,0.0682,1,['Upbit'],0.0,0.0
CSPR/USD,0.002996,0.002996,0.002996,1,['OKX'],0.0,0.0
CVC/KRW,0.0294,0.0294,0.0294,1,['Upbit'],0.0,0.0
DOGS/USD,5.443e-05,5.443e-05,5.443e-05,1,['Kraken'],0.0,0.0
CYBER/KRW,0.4661,0.4661,0.4661,1,['Upbit'],0.0,0.0
DAI/USD,0.99956,0.99956,0.99956,1,['Kraken'],0.0,0.0
DAI/USDT,1.00058,1.00058,1.00058,1,['Kraken'],0.0,0.0
DBR/USD,0.014,0.014,0.014,1,['Kraken'],0.0,0.0
DEEP/KRW,0.0323,0.0323,0.0323,1,['Upbit'],0.0,0.0
DIA/USD,0.17684,0.17684,0.17684,1,['Coinbase'],0.0,0.0
DMC/USDT,0.0006575,0.0006575,0.0006575,1,['Gate'],0.0,0.0
DOG/USD,0.000709,0.000709,0.000709,1,['Kraken'],0.0,0.0
ERA/USD,0.1242,0.1242,0.1242,1,['Coinbase'],0.0,0.0
ES/USD,0.1608,0.1608,0.1608,1,['Kraken'],0.0,0.0
ESP/KRW,0.0642,0.0642,0.0642,1,['Upbit'],0.0,0.0
GIGA/USDT,0.004039,0.004039,0.004039,1,['Gate'],0.0,0.0
FUN/USD,0.05774,0.05774,0.05774,1,['Kraken'],0.0,0.0
G/KRW,0.0034,0.0034,0.0034,1,['Upbit'],0.0,0.0
G/USD,0.00346,0.00346,0.00346,1,['Coinbase'],0.0,0.0
GAS/KRW,1.533,1.533,1.533,1,['Upbit'],0.0,0.0
GAS/USD,1.5633,1.5633,1.5633,1,['Kraken'],0.0,0.0
GFI/USD,0.1449,0.1449,0.1449,2,"['Coinbase', 'Kraken']",0.0,0.0
GFI/USDT,0.1449,0.1449,0.1449,1,['Gate'],0.0,0.0
GHST/USDT,0.06489,0.06489,0.06489,1,['Gate'],0.0,0.0
GLM/KRW,0.1291,0.1291,0.1291,1,['Upbit'],0.0,0.0
ESPORTS/USD,0.71,0.71,0.71,1,['Kraken'],0.0,0.0
GMT/KRW,0.0101,0.0101,0.0101,1,['Upbit'],0.0,0.0
GNO/USDT,117.94,117.94,117.94,1,['Binance'],0.0,0.0
GOMINING/USD,0.2985,0.2985,0.2985,1,['Kraken'],0.0,0.0
GRT/KRW,0.0242,0.0242,0.0242,1,['Upbit'],0.0,0.0
GST/USD,0.001587,0.001587,0.001587,1,['Coinbase'],0.0,0.0
GTC/USDT,0.102,0.102,0.102,1,['Binance'],0.0,0.0
H/USD,0.25792,0.25792,0.25792,1,['Kraken'],0.0,0.0
HBAR/KRW,0.0874,0.0874,0.0874,1,['Upbit'],0.0,0.0
FORTH/USDT,0.2302,0.2302,0.2302,1,['Gate'],0.0,0.0
FORT/USD,0.0164,0.0164,0.0164,1,['Coinbase'],0.0,0.0
FOGO/USD,0.01646,0.01646,0.01646,1,['OKX'],0.0,0.0
FLUX/USD,0.0684,0.0684,0.0684,1,['Kraken'],0.0,0.0
ETC/KRW,8.6931,8.6931,8.6931,1,['Upbit'],0.0,0.0
ETH/KRW,2072.059,2072.059,2072.059,1,['Upbit'],0.0,0.0
ETHFI/KRW,0.3666,0.3666,0.3666,1,['Upbit'],0.0,0.0
EUL/USD,1.238,1.238,1.238,2,"['Coinbase', 'Kraken']",0.0,0.0
EURC/USD,1.15993,1.15993,1.15993,1,['Kraken'],0.0,0.0
F/KRW,0.005,0.005,0.005,1,['Upbit'],0.0,0.0
FARM/USDT,6.92,6.92,6.92,1,['Binance'],0.0,0.0
FF/KRW,0.0847,0.0847,0.0847,1,['Upbit'],0.0,0.0
FF/USD,0.08562,0.08562,0.08562,1,['Kraken'],0.0,0.0
FHE/USD,0.02723,0.02723,0.02723,1,['Kraken'],0.0,0.0
FIGHT/USDT,0.004557,0.004557,0.004557,1,['Bybit'],0.0,0.0
FIL/KRW,0.9246,0.9246,0.9246,1,['Upbit'],0.0,0.0
FIS/USDT,0.01754,0.01754,0.01754,1,['Gate'],0.0,0.0
FLOCK/KRW,0.0662,0.0662,0.0662,1,['Upbit'],0.0,0.0
FLOCK/USD,0.067,0.067,0.067,1,['Coinbase'],0.0,0.0
FLUID/KRW,1.5515,1.5515,1.5515,1,['Upbit'],0.0,0.0
FLUID/USD,1.559,1.559,1.559,1,['Coinbase'],0.0,0.0
CHZ/KRW,0.0467,0.0467,0.0467,1,['Upbit'],0.0,0.0
CHEEMS/USD,6.021e-07,6.021e-07,6.021e-07,1,['Kraken'],0.0,0.0
HIPPO/USD,0.000245,0.000245,0.000245,1,['Kraken'],0.0,0.0
AUDIO/USD,0.0191,0.0191,0.0191,1,['Crypto.com'],0.0,0.0
ARDR/USDT,0.03912,0.03912,0.03912,1,['Binance'],0.0,0.0
ARK/KRW,0.1571,0.1571,0.1571,1,['Upbit'],0.0,0.0
ARKM/KRW,0.1158,0.1158,0.1158,1,['Upbit'],0.0,0.0
ASTR/KRW,0.0077,0.0077,0.0077,1,['Upbit'],0.0,0.0
ASTR/USD,0.00784,0.00784,0.00784,1,['Kraken'],0.0,0.0
ATH/KRW,0.0057,0.0057,0.0057,1,['Upbit'],0.0,0.0
ATOM/KRW,1.9995,1.9995,1.9995,1,['Upbit'],0.0,0.0
AUCTION/KRW,4.5864,4.5864,4.5864,1,['Upbit'],0.0,0.0
AUDIO/USDT,0.01903,0.01903,0.01903,1,['Gate'],0.0,0.0
ARB/KRW,0.1131,0.1131,0.1131,1,['Upbit'],0.0,0.0
AVA/USD,0.2304,0.2304,0.2304,1,['Kraken'],0.0,0.0
AVAX/KRW,8.9412,8.9412,8.9412,1,['Upbit'],0.0,0.0
AVNT/KRW,0.133,0.133,0.133,1,['Upbit'],0.0,0.0
AWE/KRW,0.0506,0.0506,0.0506,1,['Upbit'],0.0,0.0
AWE/USD,0.05106,0.05106,0.05106,1,['Coinbase'],0.0,0.0
AXL/KRW,0.0593,0.0593,0.0593,1,['Upbit'],0.0,0.0
AXS/KRW,1.1472,1.1472,1.1472,1,['Upbit'],0.0,0.0
AZTEC/KRW,0.0191,0.0191,0.0191,1,['Upbit'],0.0,0.0
ARDR/KRW,0.0387,0.0387,0.0387,1,['Upbit'],0.0,0.0
APT/KRW,0.9169,0.9169,0.9169,1,['Upbit'],0.0,0.0
CHECK/USDT,0.04353,0.04353,0.04353,1,['Gate'],0.0,0.0
AGLD/USD,0.2309,0.2309,0.2309,1,['Coinbase'],0.0,0.0
AAVE/KRW,86.8967,86.8967,86.8967,1,['Upbit'],0.0,0.0
ACX/USDT,0.0417,0.0417,0.0417,2,"['Binance', 'Bitget']",0.0,0.0
ADA/KRW,0.2441,0.2441,0.2441,1,['Upbit'],0.0,0.0
AERGO/KRW,0.0512,0.0512,0.0512,1,['Upbit'],0.0,0.0
AERGO/USD,0.0518,0.0518,0.0518,1,['Coinbase'],0.0,0.0
AERGO/USDT,0.0518,0.0518,0.0518,1,['OKX'],0.0,0.0
AERO/KRW,0.4004,0.4004,0.4004,1,['Upbit'],0.0,0.0
AGLD/KRW,0.2298,0.2298,0.2298,1,['Upbit'],0.0,0.0
AKT/KRW,0.7707,0.7707,0.7707,1,['Upbit'],0.0,0.0
APR/USDT,0.16965,0.16965,0.16965,1,['Bitget'],0.0,0.0
ALCH/USD,0.08002,0.08002,0.08002,1,['Kraken'],0.0,0.0
ALGO/KRW,0.1079,0.1079,0.1079,1,['Upbit'],0.0,0.0
ALT/USD,0.00669,0.00669,0.00669,1,['Coinbase'],0.0,0.0
AMI/USD,0.00397,0.00397,0.00397,1,['Kraken'],0.0,0.0
AMI/USDT,0.003889,0.003889,0.003889,1,['Bybit'],0.0,0.0
AMP/USD,0.00084,0.00084,0.00084,1,['Coinbase'],0.0,0.0
ANIME/KRW,0.0042,0.0042,0.0042,1,['Upbit'],0.0,0.0
ANKR/KRW,0.0045,0.0045,0.0045,1,['Upbit'],0.0,0.0
BABY/USD,0.01576,0.01576,0.01576,1,['Kraken'],0.0,0.0
BABYSHARK/USD,0.02087,0.02087,0.02087,1,['Kraken'],0.0,0.0
BADGER/USDT,0.428,0.428,0.428,1,['Gate'],0.0,0.0
CAMP/USD,0.001635,0.001635,0.001635,1,['Kraken'],0.0,0.0
BMT/USD,0.01517,0.01517,0.01517,1,['Kraken'],0.0,0.0
BOME/USD,0.00061,0.00061,0.00061,1,['OKX'],0.0,0.0
BREV/KRW,0.1092,0.1092,0.1092,1,['Upbit'],0.0,0.0
BREV/USD,0.1107,0.1107,0.1107,1,['Coinbase'],0.0,0.0
BSV/KRW,14.6462,14.6462,14.6462,1,['Upbit'],0.0,0.0
BTC/KRW,75282.7953,75282.7953,75282.7953,1,['Upbit'],0.0,0.0
BTR/USD,0.0265,0.0265,0.0265,1,['Kraken'],0.0,0.0
BTT/USD,3.212e-07,3.212e-07,3.212e-07,1,['Kraken'],0.0,0.0
CARV/KRW,0.0535,0.0535,0.0535,1,['Upbit'],0.0,0.0
BAL/USD,0.1414,0.1414,0.1414,1,['Coinbase'],0.0,0.0
CARV/USD,0.05435,0.05435,0.05435,1,['Kraken'],0.0,0.0
CAT/USD,1.852e-06,1.852e-06,1.852e-06,1,['Kraken'],0.0,0.0
CBK/KRW,0.2432,0.2432,0.2432,1,['Upbit'],0.0,0.0
CC/KRW,0.1476,0.1476,0.1476,1,['Upbit'],0.0,0.0
CELO/KRW,0.0788,0.0788,0.0788,1,['Upbit'],0.0,0.0
CFG/KRW,0.2707,0.2707,0.2707,1,['Upbit'],0.0,0.0
CFX/USD,0.05709,0.05709,0.05709,1,['Kraken'],0.0,0.0
CHECK/USD,0.04339,0.04339,0.04339,1,['Coinbase'],0.0,0.0
BLZ/USD,0.01004,0.01004,0.01004,1,['Coinbase'],0.0,0.0
BLUR/KRW,0.0216,0.0216,0.0216,1,['Upbit'],0.0,0.0
BLUE/USDT,0.0165,0.0165,0.0165,2,"['Gate', 'Bitget']",0.0,0.0
BLEND/KRW,0.094,0.094,0.094,1,['Upbit'],0.0,0.0
BAL/USDT,0.1402,0.1402,0.1402,1,['Gate'],0.0,0.0
BAND/USD,0.2029,0.2029,0.2029,1,['Kraken'],0.0,0.0
BARD/KRW,0.2211,0.2211,0.2211,1,['Upbit'],0.0,0.0
BARD/USD,0.2236,0.2236,0.2236,1,['Coinbase'],0.0,0.0
BAT/KRW,0.098,0.098,0.098,1,['Upbit'],0.0,0.0
BCH/KRW,360.3884,360.3884,360.3884,1,['Upbit'],0.0,0.0
BDXN/USD,0.00206,0.00206,0.00206,1,['Kraken'],0.0,0.0
BEAM/KRW,0.0017,0.0017,0.0017,1,['Upbit'],0.0,0.0
BERA/KRW,0.3738,0.3738,0.3738,1,['Upbit'],0.0,0.0
BGB/USD,2.008,2.008,2.008,1,['Kraken'],0.0,0.0
BGB/USDT,2.007,2.007,2.007,1,['Bitget'],0.0,0.0
BICO/USD,0.02347,0.02347,0.02347,1,['Kraken'],0.0,0.0
BIO/KRW,0.0346,0.0346,0.0346,1,['Upbit'],0.0,0.0
BIRB/KRW,0.1331,0.1331,0.1331,1,['Upbit'],0.0,0.0
BIRB/USD,0.1343,0.1343,0.1343,1,['Coinbase'],0.0,0.0
BLAST/KRW,0.0004,0.0004,0.0004,1,['Upbit'],0.0,0.0
BLAST/USD,0.00044,0.00044,0.00044,1,['Coinbase'],0.0,0.0
HIGH/USD,0.181,0.181,0.181,1,['Coinbase'],0.0,0.0
HIVE/KRW,0.0581,0.0581,0.0581,1,['Upbit'],0.0,0.0
SAFE/KRW,0.1337,0.1337,0.1337,1,['Upbit'],0.0,0.0
PERP/USD,0.0255,0.0255,0.0255,1,['Coinbase'],0.0,0.0
ORBS/KRW,0.0081,0.0081,0.0081,1,['Upbit'],0.0,0.0
ORCA/KRW,1.3813,1.3813,1.3813,1,['Upbit'],0.0,0.0
ORCA/USD,1.3996,1.3996,1.3996,1,['Coinbase'],0.0,0.0
ORDER/KRW,0.0508,0.0508,0.0508,1,['Upbit'],0.0,0.0
OXT/USDT,0.009755,0.009755,0.009755,1,['Gate'],0.0,0.0
PEAQ/USD,0.02544,0.02544,0.02544,1,['Kraken'],0.0,0.0
PENDLE/KRW,1.7545,1.7545,1.7545,1,['Upbit'],0.0,0.0
PENGU/KRW,0.0083,0.0083,0.0083,1,['Upbit'],0.0,0.0
PERP/USDT,0.02552,0.02552,0.02552,1,['Gate'],0.0,0.0
OPEN/USD,0.2051,0.2051,0.2051,1,['Kraken'],0.0,0.0
PIEVERSE/KRW,0.7373,0.7373,0.7373,1,['Upbit'],0.0,0.0
PIXEL/USD,0.006811,0.006811,0.006811,1,['Crypto.com'],0.0,0.0
PLUME/KRW,0.0114,0.0114,0.0114,1,['Upbit'],0.0,0.0
POL/KRW,0.0874,0.0874,0.0874,1,['Upbit'],0.0,0.0
POLS/USD,0.0742,0.0742,0.0742,1,['Coinbase'],0.0,0.0
POLS/USDT,0.07501,0.07501,0.07501,1,['Gate'],0.0,0.0
POLYX/KRW,0.0528,0.0528,0.0528,1,['Upbit'],0.0,0.0
POND/USDT,0.00142,0.00142,0.00142,1,['Binance'],0.0,0.0
OPG/USD,0.2392,0.2392,0.2392,1,['Coinbase'],0.0,0.0
OPEN/KRW,0.2033,0.2033,0.2033,1,['Upbit'],0.0,0.0
MVL/USDT,0.001269,0.001269,0.001269,1,['Bybit'],0.0,0.0
NOM/USD,0.0022,0.0022,0.0022,1,['Coinbase'],0.0,0.0
NEAR/KRW,1.5892,1.5892,1.5892,1,['Upbit'],0.0,0.0
NEO/KRW,2.8044,2.8044,2.8044,1,['Upbit'],0.0,0.0
NEO/USD,2.8508,2.8508,2.8508,1,['Bitfinex'],0.0,0.0
NEON/USD,0.03101,0.03101,0.03101,1,['Coinbase'],0.0,0.0
NEON/USDT,0.03097,0.03097,0.03097,1,['Bybit'],0.0,0.0
NEWT/KRW,0.0716,0.0716,0.0716,1,['Upbit'],0.0,0.0
NEWT/USD,0.0721,0.0721,0.0721,1,['Coinbase'],0.0,0.0
NIL/USD,0.0483,0.0483,0.0483,1,['Kraken'],0.0,0.0
NOT/USD,0.0004873,0.0004873,0.0004873,1,['Crypto.com'],0.0,0.0
OP/KRW,0.1251,0.1251,0.1251,1,['Upbit'],0.0,0.0
NPC/USD,0.006975,0.006975,0.006975,1,['Kraken'],0.0,0.0
NXPC/KRW,0.312,0.312,0.312,1,['Upbit'],0.0,0.0
OCEAN/USD,0.1195,0.1195,0.1195,1,['Coinbase'],0.0,0.0
OL/USD,0.008443,0.008443,0.008443,1,['OKX'],0.0,0.0
OMI/USD,0.000137,0.000137,0.000137,1,['Kraken'],0.0,0.0
OMNI/USD,0.616,0.616,0.616,1,['Coinbase'],0.0,0.0
ONDO/KRW,0.3574,0.3574,0.3574,1,['Upbit'],0.0,0.0
ONT/KRW,0.0628,0.0628,0.0628,1,['Upbit'],0.0,0.0
PONKE/USD,0.03701,0.03701,0.03701,1,['Kraken'],0.0,0.0
POWR/KRW,0.0621,0.0621,0.0621,1,['Upbit'],0.0,0.0
PRL/KRW,0.1961,0.1961,0.1961,1,['Upbit'],0.0,0.0
RON/USD,0.11412,0.11412,0.11412,1,['OKX'],0.0,0.0
RIVER/USD,6.225,6.225,6.225,1,['Kraken'],0.0,0.0
RIVER/USDT,6.2337,6.2337,6.2337,1,['Bitget'],0.0,0.0
RLC/USD,0.4095,0.4095,0.4095,1,['Coinbase'],0.0,0.0
RLC/USDT,0.411,0.411,0.411,2,"['Binance', 'Bitget']",0.0,0.0
RNBW/USD,0.01755,0.01755,0.01755,1,['Coinbase'],0.0,0.0
RNBW/USDT,0.01755,0.01755,0.01755,1,['Gate'],0.0,0.0
ROLL/USD,0.0768,0.0768,0.0768,1,['Kraken'],0.0,0.0
ROLL/USDT,0.07698,0.07698,0.07698,1,['Bitget'],0.0,0.0
ROSE/USD,0.00949,0.00949,0.00949,1,['Coinbase'],0.0,0.0
PRL/USD,0.19925,0.19925,0.19925,1,['Coinbase'],0.0,0.0
RSC/USD,0.1199,0.1199,0.1199,1,['Coinbase'],0.0,0.0
RSC/USDT,0.11999,0.11999,0.11999,1,['Gate'],0.0,0.0
RSR/USD,0.001747,0.001747,0.001747,2,"['Coinbase', 'Kraken']",0.0,0.0
RUNE/USD,0.444,0.444,0.444,1,['Kraken'],0.0,0.0
RVN/KRW,0.0054,0.0054,0.0054,1,['Upbit'],0.0,0.0
RVN/USD,0.005444,0.005444,0.005444,1,['Crypto.com'],0.0,0.0
RVV/USD,0.000266,0.000266,0.000266,1,['Kraken'],0.0,0.0
RVV/USDT,0.0002628,0.0002628,0.0002628,1,['Bitget'],0.0,0.0
REQ/USD,0.0664,0.0664,0.0664,1,['Coinbase'],0.0,0.0
RENDER/KRW,1.7697,1.7697,1.7697,1,['Upbit'],0.0,0.0
RED/USD,0.1255,0.1255,0.1255,2,"['Coinbase', 'Kraken']",0.0,0.0
RED/KRW,0.1238,0.1238,0.1238,1,['Upbit'],0.0,0.0
PRO/USDT,0.3273,0.3273,0.3273,1,['Gate'],0.0,0.0
PROMPT/USD,0.03145,0.03145,0.03145,1,['Coinbase'],0.0,0.0
PROS/KRW,0.6014,0.6014,0.6014,1,['Upbit'],0.0,0.0
PROVE/KRW,0.2197,0.2197,0.2197,1,['Upbit'],0.0,0.0
PUFFER/USD,0.02579,0.02579,0.02579,1,['Kraken'],0.0,0.0
PUMP/KRW,0.0017,0.0017,0.0017,1,['Upbit'],0.0,0.0
PUNDIX/USD,0.137,0.137,0.137,1,['Coinbase'],0.0,0.0
PYR/USD,0.261,0.261,0.261,1,['Coinbase'],0.0,0.0
PYR/USDT,0.2627,0.2627,0.2627,1,['Gate'],0.0,0.0
PYTH/KRW,0.0385,0.0385,0.0385,1,['Upbit'],0.0,0.0
QI/USDT,0.0016,0.0016,0.0016,1,['Binance'],0.0,0.0
QTUM/KRW,0.869,0.869,0.869,1,['Upbit'],0.0,0.0
QTUM/USD,0.88034,0.88034,0.88034,1,['Kraken'],0.0,0.0
RARI/USD,0.1462,0.1462,0.1462,1,['Coinbase'],0.0,0.0
RARI/USDT,0.1464,0.1464,0.1464,1,['Gate'],0.0,0.0
RAY/KRW,0.6894,0.6894,0.6894,1,['Upbit'],0.0,0.0
RECALL/USD,0.0566,0.0566,0.0566,1,['Coinbase'],0.0,0.0
MYX/USD,0.179,0.179,0.179,1,['Kraken'],0.0,0.0
MVL/KRW,0.0013,0.0013,0.0013,1,['Upbit'],0.0,0.0
HOLO/KRW,0.0775,0.0775,0.0775,1,['Upbit'],0.0,0.0
JUP/KRW,0.1913,0.1913,0.1913,1,['Upbit'],0.0,0.0
IQ/USDT,0.001067,0.001067,0.001067,1,['Binance'],0.0,0.0
IRYS/KRW,0.0334,0.0334,0.0334,1,['Upbit'],0.0,0.0
IRYS/USD,0.03382,0.03382,0.03382,1,['Coinbase'],0.0,0.0
IRYS/USDT,0.0338,0.0338,0.0338,1,['Bitget'],0.0,0.0
JITOSOL/USDT,107.65,107.65,107.65,1,['OKX'],0.0,0.0
JOE/USD,0.0418,0.0418,0.0418,1,['Kraken'],0.0,0.0
JST/KRW,0.0894,0.0894,0.0894,1,['Upbit'],0.0,0.0
JTO/KRW,0.4084,0.4084,0.4084,1,['Upbit'],0.0,0.0
KAIO/USD,0.06324,0.06324,0.06324,1,['Coinbase'],0.0,0.0
IOTX/USD,0.0119,0.0119,0.0119,1,['Coinbase'],0.0,0.0
KAITO/KRW,0.4452,0.4452,0.4452,1,['Upbit'],0.0,0.0
KAS/USD,0.03388,0.03388,0.03388,1,['Kraken'],0.0,0.0
KAT/KRW,0.008,0.008,0.008,1,['Upbit'],0.0,0.0
KAVA/KRW,0.0564,0.0564,0.0564,1,['Upbit'],0.0,0.0
KAVA/USD,0.057363,0.057363,0.057363,1,['Crypto.com'],0.0,0.0
KERNEL/KRW,0.0708,0.0708,0.0708,1,['Upbit'],0.0,0.0
KITE/KRW,0.2283,0.2283,0.2283,1,['Upbit'],0.0,0.0
KNC/KRW,0.1403,0.1403,0.1403,1,['Upbit'],0.0,0.0
IP/KRW,0.4699,0.4699,0.4699,1,['Upbit'],0.0,0.0
IOTA/KRW,0.0545,0.0545,0.0545,1,['Upbit'],0.0,0.0
MTL/KRW,0.2855,0.2855,0.2855,1,['Upbit'],0.0,0.0
ID/KRW,0.0281,0.0281,0.0281,1,['Upbit'],0.0,0.0
HOME/USD,0.01926,0.01926,0.01926,1,['Coinbase'],0.0,0.0
HONEY/USD,0.00202,0.00202,0.00202,1,['Kraken'],0.0,0.0
HUMA/USD,0.02153,0.02153,0.02153,1,['OKX'],0.0,0.0
HYPER/KRW,0.1126,0.1126,0.1126,1,['Upbit'],0.0,0.0
HYPER/USD,0.1144,0.1144,0.1144,1,['Coinbase'],0.0,0.0
IAG/USD,0.0227,0.0227,0.0227,1,['Kraken'],0.0,0.0
ICP/KRW,2.4732,2.4732,2.4732,1,['Upbit'],0.0,0.0
ICX/KRW,0.0349,0.0349,0.0349,1,['Upbit'],0.0,0.0
IDEX/USDT,0.001656,0.001656,0.001656,1,['Gate'],0.0,0.0
IOST/KRW,0.001,0.001,0.001,1,['Upbit'],0.0,0.0
IMU/USD,0.00219,0.00219,0.00219,1,['Coinbase'],0.0,0.0
IMU/USDT,0.002188,0.002188,0.002188,1,['Bybit'],0.0,0.0
IMX/KRW,0.1635,0.1635,0.1635,1,['Upbit'],0.0,0.0
IN/KRW,0.0574,0.0574,0.0574,1,['Upbit'],0.0,0.0
IN/USDT,0.05807,0.05807,0.05807,1,['Bitget'],0.0,0.0
INJ/KRW,4.82,4.82,4.82,1,['Upbit'],0.0,0.0
INX/USDT,0.009842,0.009842,0.009842,1,['Gate'],0.0,0.0
IO/USD,0.14,0.14,0.14,1,['Coinbase'],0.0,0.0
KNC/USD,0.1431,0.1431,0.1431,1,['Coinbase'],0.0,0.0
LA/KRW,0.1085,0.1085,0.1085,1,['Upbit'],0.0,0.0
LA/USD,0.1095,0.1095,0.1095,1,['Coinbase'],0.0,0.0
MIRA/USD,0.0771,0.0771,0.0771,1,['Kraken'],0.0,0.0
MERL/USD,0.02868,0.02868,0.02868,1,['Kraken'],0.0,0.0
METH/USDT,2299.26,2299.26,2299.26,1,['Bybit'],0.0,0.0
METIS/USD,3.35,3.35,3.35,1,['Coinbase'],0.0,0.0
MEW/KRW,0.0005,0.0005,0.0005,1,['Upbit'],0.0,0.0
MEZO/USD,0.03217,0.03217,0.03217,1,['Coinbase'],0.0,0.0
MEZO/USDT,0.03151,0.03151,0.03151,1,['Gate'],0.0,0.0
MINA/KRW,0.0558,0.0558,0.0558,1,['Upbit'],0.0,0.0
MIRA/KRW,0.0761,0.0761,0.0761,1,['Upbit'],0.0,0.0
MLN/USDT,2.27,2.27,2.27,2,"['Binance', 'Gate']",0.0,0.0
LAVA/USD,0.02377,0.02377,0.02377,1,['Kraken'],0.0,0.0
MMT/KRW,0.1231,0.1231,0.1231,1,['Upbit'],0.0,0.0
MNT/KRW,0.6195,0.6195,0.6195,1,['Upbit'],0.0,0.0
MNT/USDT,0.626,0.626,0.626,2,"['Bybit', 'Gate']",0.0,0.0
MOCA/KRW,0.0125,0.0125,0.0125,1,['Upbit'],0.0,0.0
MON/KRW,0.0257,0.0257,0.0257,1,['Upbit'],0.0,0.0
MOODENG/KRW,0.0487,0.0487,0.0487,1,['Upbit'],0.0,0.0
MOVE/KRW,0.016,0.016,0.016,1,['Upbit'],0.0,0.0
MSOL/USDT,115.73,115.73,115.73,1,['Gate'],0.0,0.0
MEME/USD,0.000509,0.000509,0.000509,1,['Kraken'],0.0,0.0
MEGA/KRW,0.0814,0.0814,0.0814,1,['Upbit'],0.0,0.0
ME/KRW,0.0927,0.0927,0.0927,1,['Upbit'],0.0,0.0
A/USD,0.0806,0.0806,0.0806,1,['Kraken'],0.0,0.0
LAYER/KRW,0.0913,0.0913,0.0913,1,['Upbit'],0.0,0.0
LEO/USD,10.09,10.09,10.09,1,['Bitfinex'],0.0,0.0
LINEA/KRW,0.0033,0.0033,0.0033,1,['Upbit'],0.0,0.0
LINEA/USD,0.00336,0.00336,0.00336,1,['Coinbase'],0.0,0.0
LINK/KRW,9.3582,9.3582,9.3582,1,['Upbit'],0.0,0.0
LIT/USD,0.9513,0.9513,0.9513,1,['Bitstamp'],0.0,0.0
LMWR/USD,0.01854,0.01854,0.01854,1,['Kraken'],0.0,0.0
LPT/KRW,1.9901,1.9901,1.9901,1,['Upbit'],0.0,0.0
LSK/KRW,0.1165,0.1165,0.1165,1,['Upbit'],0.0,0.0
LSK/USD,0.117487,0.117487,0.117487,1,['Kraken'],0.0,0.0
LUNA/USD,7.883e-05,7.883e-05,7.883e-05,1,['Kraken'],0.0,0.0
M/USD,3.46194,3.46194,3.46194,1,['Kraken'],0.0,0.0
MAGIC/USD,0.0628,0.0628,0.0628,1,['Coinbase'],0.0,0.0
MANA/KRW,0.0867,0.0867,0.0867,1,['Upbit'],0.0,0.0
MANTRA/KRW,0.0089,0.0089,0.0089,1,['Upbit'],0.0,0.0
MANTRA/USD,0.009055,0.009055,0.009055,1,['Kraken'],0.0,0.0
MASK/KRW,0.4426,0.4426,0.4426,1,['Upbit'],0.0,0.0
MASK/USD,0.45,0.45,0.45,1,['Kraken'],0.0,0.0
BONK/KRW,0.0,0.0,0.0,1,['Upbit'],0.0,
BTT/KRW,0.0,0.0,0.0,1,['Upbit'],0.0,
PEPE/KRW,0.0,0.0,0.0,1,['Upbit'],0.0,
SHIB/KRW,0.0,0.0,0.0,1,['Upbit'],0.0,
XEC/KRW,0.0,0.0,0.0,1,['Upbit'],0.0,
